ad_id,reporting_start,reporting_end,campaign_id,fb_campaign_id,age,gender,interest1,interest2,interest3,impressions,clicks,Spent,total_conversion,approved_conversion
708746,17/08/2017,17/08/2017,916,103916,30-34,M,15,17,17,7350,1,1,2,1
708749,17/08/2017,17/08/2017,916,103917,30-34,M,16,19,21,17861,2,2,2,0
708771,17/08/2017,17/08/2017,916,103920,30-34,M,20,25,22,693,0,0,1,0
708815,30/08/2017,30/08/2017,916,103928,30-34,M,28,32,32,4259,1,1,1,0
708818,17/08/2017,17/08/2017,916,103928,30-34,M,28,33,32,4133,1,1,1,1
708820,17/08/2017,17/08/2017,916,103929,30-34,M,29,30,30,1915,0,0,1,1
708889,17/08/2017,17/08/2017,916,103940,30-34,M,15,16,17,15615,3,5,1,0
708895,17/08/2017,17/08/2017,916,103941,30-34,M,16,20,18,10951,1,1,1,1
708953,17/08/2017,17/08/2017,916,103951,30-34,M,27,31,31,2355,1,2,1,0
708958,30/08/2017,30/08/2017,916,103952,30-34,M,28,32,31,9502,3,3,1,0
708979,30/08/2017,30/08/2017,916,103955,30-34,M,31,37,34,1224,0,0,1,0
709023,29/08/2017,29/08/2017,916,103962,30-34,M,7,8,8,735,0,0,1,0
709038,29/08/2017,29/08/2017,916,103965,30-34,M,16,20,22,5117,0,0,1,0
709040,29/08/2017,29/08/2017,916,103965,30-34,M,16,19,21,5120,0,0,1,0
709059,30/08/2017,30/08/2017,916,103968,30-34,M,20,26,23,14669,7,10,1,1
709105,30/08/2017,30/08/2017,916,103976,30-34,M,28,30,32,1241,0,0,1,1
709115,30/08/2017,30/08/2017,916,103978,30-34,M,30,34,31,2305,1,1,1,0
709124,30/08/2017,30/08/2017,916,103979,30-34,M,31,34,33,1024,0,0,1,1
709179,30/08/2017,30/08/2017,916,103988,35-39,M,15,16,17,4627,1,2,1,0
709183,30/08/2017,30/08/2017,916,103989,35-39,M,16,20,22,21026,4,5,2,1
709320,17/08/2017,17/08/2017,916,104012,35-39,M,15,21,20,1422,0,0,1,1
709323,17/08/2017,17/08/2017,916,104012,35-39,M,15,17,19,7132,2,3,1,0
709326,18/08/2017,18/08/2017,916,104013,35-39,M,16,22,22,12190,2,3,1,0
709327,18/08/2017,18/08/2017,916,104013,35-39,M,16,22,20,12193,2,3,1,1
709328,18/08/2017,18/08/2017,916,104013,35-39,M,16,19,18,3332,0,0,1,1
709455,18/08/2017,18/08/2017,916,104034,35-39,M,7,12,10,559,0,0,1,0
709544,18/08/2017,18/08/2017,916,104049,35-39,M,29,33,32,7440,2,3,1,1
709614,19/08/2017,19/08/2017,916,104061,40-44,M,16,19,20,19113,4,6,1,0
709756,19/08/2017,19/08/2017,916,104085,40-44,M,16,21,21,10976,2,2,1,1
709761,18/08/2017,18/08/2017,916,104085,40-44,M,16,19,20,2861,0,0,1,0
709899,18/08/2017,18/08/2017,916,104108,40-44,M,15,18,20,1398,0,0,1,1
709901,18/08/2017,18/08/2017,916,104109,40-44,M,16,18,20,23817,7,8,1,1
710045,17/08/2017,17/08/2017,916,104133,45-49,M,16,22,17,47224,12,16,1,0
710088,17/08/2017,17/08/2017,916,104140,45-49,M,24,26,27,2283,1,1,1,0
710360,17/08/2017,17/08/2017,916,104185,45-49,M,21,26,24,2182,1,2,1,1
710477,17/08/2017,17/08/2017,916,104205,30-34,F,16,19,19,2654,0,0,1,1
710480,17/08/2017,17/08/2017,916,104205,30-34,F,16,21,20,57665,14,18,1,1
710571,18/08/2017,18/08/2017,916,104220,30-34,F,32,37,38,3091,1,2,1,1
710617,18/08/2017,18/08/2017,916,104228,30-34,F,15,19,16,5014,1,1,1,0
710623,18/08/2017,18/08/2017,916,104229,30-34,F,16,19,20,38726,7,9,1,0
710628,17/08/2017,17/08/2017,916,104230,30-34,F,18,24,22,1473,0,0,1,0
710682,29/08/2017,29/08/2017,916,104239,30-34,F,27,33,32,1186,0,0,1,0
710763,29/08/2017,29/08/2017,916,104252,30-34,F,15,19,17,5369,1,2,1,0
710836,27/08/2017,27/08/2017,916,104265,30-34,F,29,33,31,22221,7,9,1,1
710867,26/08/2017,26/08/2017,916,104270,30-34,F,63,64,68,1185,0,0,1,0
710880,26/08/2017,26/08/2017,916,104272,30-34,F,65,70,68,13019,5,7,1,0
710961,27/08/2017,27/08/2017,916,104285,35-39,F,25,29,26,2508,1,1,1,0
710968,27/08/2017,27/08/2017,916,104287,35-39,F,27,31,29,5864,2,3,1,1
711217,27/08/2017,27/08/2017,916,104328,35-39,F,20,26,23,2783,1,2,1,0
711623,27/08/2017,27/08/2017,916,104396,40-44,F,15,18,20,3812,1,1,2,1
711764,27/08/2017,27/08/2017,916,104419,45-49,F,10,16,11,11199,4,6,1,1
711785,26/08/2017,26/08/2017,916,104423,45-49,F,19,25,23,292,0,0,1,0
711877,26/08/2017,26/08/2017,916,104438,45-49,F,63,67,65,17572,7,9,1,0
712052,25/08/2017,25/08/2017,916,104467,45-49,F,10,13,11,1448,0,0,1,1
734209,25/08/2017,25/08/2017,936,108654,30-34,M,10,16,14,1772,0,0,1,1
734210,25/08/2017,25/08/2017,936,108654,30-34,M,10,16,13,13329,4,6,1,1
734215,26/08/2017,26/08/2017,936,108655,30-34,M,15,19,17,13659,3,4,1,0
734243,26/08/2017,26/08/2017,936,108660,30-34,M,21,23,24,739,0,0,1,1
734266,26/08/2017,26/08/2017,936,108664,30-34,M,25,30,27,605,0,0,1,0
734272,26/08/2017,26/08/2017,936,108665,30-34,M,26,32,29,1030,0,0,1,0
734290,26/08/2017,26/08/2017,936,108668,30-34,M,29,32,35,5374,1,1,4,0
734313,26/08/2017,26/08/2017,936,108672,30-34,M,36,38,38,790,0,0,1,1
734314,27/08/2017,27/08/2017,936,108672,30-34,M,36,38,38,962,0,0,1,0
734352,27/08/2017,27/08/2017,936,108678,35-39,M,10,11,16,4423,1,1,1,1
734361,29/08/2017,29/08/2017,936,108680,35-39,M,16,19,19,12382,2,3,1,1
734381,29/08/2017,29/08/2017,936,108683,35-39,M,20,25,24,2938,1,1,1,1
734399,28/08/2017,28/08/2017,936,108686,35-39,M,23,24,27,239,0,0,1,0
734418,29/08/2017,29/08/2017,936,108689,35-39,M,26,27,28,591,0,0,1,0
734421,29/08/2017,29/08/2017,936,108690,35-39,M,27,29,32,10332,4,6,1,0
734427,29/08/2017,29/08/2017,936,108691,35-39,M,28,29,31,8259,3,4,1,0
734433,29/08/2017,29/08/2017,936,108692,35-39,M,29,35,31,12158,3,4,1,0
734582,29/08/2017,29/08/2017,936,108716,40-44,M,29,33,33,7709,2,1,2,0
734605,28/08/2017,28/08/2017,936,108720,40-44,M,36,37,41,834,0,0,1,0
734660,28/08/2017,28/08/2017,936,108729,45-49,M,18,22,23,1299,0,0,2,0
734666,28/08/2017,28/08/2017,936,108730,45-49,M,19,24,20,371,0,0,1,0
734726,28/08/2017,28/08/2017,936,108740,45-49,M,29,30,35,10466,3,4,1,0
734737,27/08/2017,27/08/2017,936,108742,45-49,M,31,37,33,839,0,0,1,0
734785,28/08/2017,28/08/2017,936,108750,30-34,F,10,13,13,5576,1,2,1,1
734794,28/08/2017,28/08/2017,936,108752,30-34,F,16,19,17,4010,0,0,1,0
734796,28/08/2017,28/08/2017,936,108752,30-34,F,16,22,17,39337,7,10,1,1
734800,28/08/2017,28/08/2017,936,108753,30-34,F,18,20,20,1635,0,0,1,0
734803,28/08/2017,28/08/2017,936,108753,30-34,F,18,19,21,1631,0,0,1,0
734852,28/08/2017,28/08/2017,936,108761,30-34,F,26,30,29,13479,3,4,1,0
734854,19/08/2017,19/08/2017,936,108762,30-34,F,27,33,32,57022,13,20,3,3
734856,19/08/2017,19/08/2017,936,108762,30-34,F,27,28,32,5453,1,1,1,1
734866,20/08/2017,20/08/2017,936,108764,30-34,F,29,32,31,11803,3,4,1,0
734881,20/08/2017,20/08/2017,936,108766,30-34,F,31,32,34,4259,1,2,1,1
734901,20/08/2017,20/08/2017,936,108770,30-34,F,64,70,68,1554,0,0,1,0
734903,20/08/2017,20/08/2017,936,108770,30-34,F,64,69,67,5323,1,1,1,1
734925,20/08/2017,20/08/2017,936,108774,35-39,F,10,11,12,5024,1,1,1,1
734939,20/08/2017,20/08/2017,936,108776,35-39,F,16,19,22,104648,24,33,4,2
734968,20/08/2017,20/08/2017,936,108781,35-39,F,22,25,27,8504,3,3,1,1
734999,20/08/2017,20/08/2017,936,108786,35-39,F,27,32,32,20277,6,8,1,0
735014,19/08/2017,19/08/2017,936,108788,35-39,F,29,34,30,12403,4,5,1,1
735032,19/08/2017,19/08/2017,936,108791,35-39,F,32,33,34,498,0,0,1,1
735033,18/08/2017,18/08/2017,936,108792,35-39,F,36,40,40,652,0,0,0,0
735043,18/08/2017,18/08/2017,936,108793,35-39,F,63,65,69,1357,0,0,1,1
735048,18/08/2017,18/08/2017,936,108794,35-39,F,64,65,68,1393,0,0,1,0
735065,19/08/2017,19/08/2017,936,108797,40-44,F,7,10,12,648,0,0,1,0
735109,19/08/2017,19/08/2017,936,108804,40-44,F,21,26,25,708,0,0,1,1
735140,19/08/2017,19/08/2017,936,108809,40-44,F,26,27,31,6907,2,2,1,0
735143,19/08/2017,19/08/2017,936,108810,40-44,F,27,28,30,39035,13,19,1,0
735151,19/08/2017,19/08/2017,936,108811,40-44,F,28,30,31,926,0,0,1,0
735184,19/08/2017,19/08/2017,936,108817,40-44,F,63,66,67,4412,1,1,1,0
735189,21/08/2017,21/08/2017,936,108818,40-44,F,64,65,66,9965,3,4,1,0
735213,21/08/2017,21/08/2017,936,108822,45-49,F,10,16,11,73634,23,33,1,0
735220,18/08/2017,18/08/2017,936,108823,45-49,F,15,17,17,69708,20,31,1,0
735242,18/08/2017,18/08/2017,936,108826,45-49,F,19,25,21,530,0,0,1,0
735247,18/08/2017,18/08/2017,936,108827,45-49,F,20,24,25,14257,6,9,1,0
735289,18/08/2017,18/08/2017,936,108834,45-49,F,27,30,30,20362,5,9,1,1
735290,18/08/2017,18/08/2017,936,108834,45-49,F,27,29,33,12215,4,6,1,0
735298,18/08/2017,18/08/2017,936,108836,45-49,F,29,31,32,85412,28,39,2,1
736869,18/08/2017,18/08/2017,936,109448,30-34,M,2,6,8,2338,1,0,1,0
736890,18/08/2017,18/08/2017,936,109451,30-34,M,15,16,20,2522,0,0,1,0
736893,18/08/2017,18/08/2017,936,109452,30-34,M,16,17,17,3587,0,0,1,0
736977,18/08/2017,18/08/2017,936,109470,30-34,M,27,30,28,1273,0,0,1,0
736988,21/08/2017,21/08/2017,936,109472,30-34,M,28,29,29,3891,1,1,1,0
736995,21/08/2017,21/08/2017,936,109473,30-34,M,29,34,34,1888,0,0,1,0
736997,21/08/2017,21/08/2017,936,109473,30-34,M,29,32,33,1895,0,0,1,0
737097,21/08/2017,21/08/2017,936,109498,35-39,M,7,10,11,715,0,0,1,0
737130,21/08/2017,21/08/2017,936,109507,35-39,M,16,19,18,11199,2,3,1,0
737320,18/08/2017,18/08/2017,936,109553,35-39,M,63,64,66,5676,2,3,1,0
737375,21/08/2017,21/08/2017,936,109565,40-44,M,10,11,11,1415,0,0,1,0
737524,21/08/2017,21/08/2017,936,109601,40-44,M,30,34,33,2148,1,2,1,1
737644,21/08/2017,21/08/2017,936,109629,45-49,M,16,22,17,45401,10,14,1,0
737657,18/08/2017,18/08/2017,936,109633,45-49,M,18,23,20,7478,2,3,1,1
737658,18/08/2017,18/08/2017,936,109633,45-49,M,18,19,24,4919,1,2,1,0
737674,20/08/2017,20/08/2017,936,109637,45-49,M,20,21,24,533,0,0,1,1
737766,20/08/2017,20/08/2017,936,109659,45-49,M,29,33,33,1447,0,0,1,1
737896,20/08/2017,20/08/2017,936,109689,30-34,F,16,21,22,17553,3,5,1,0
737931,20/08/2017,20/08/2017,936,109698,30-34,F,20,26,24,3343,1,1,1,0
737961,20/08/2017,20/08/2017,936,109706,30-34,F,23,29,28,523,0,0,1,0
737995,20/08/2017,20/08/2017,936,109714,30-34,F,26,27,31,1873,0,0,1,0
738006,20/08/2017,20/08/2017,936,109717,30-34,F,27,29,32,34740,7,13,1,1
738067,20/08/2017,20/08/2017,936,109731,30-34,F,32,37,36,658,0,0,1,0
738098,20/08/2017,20/08/2017,936,109738,30-34,F,64,70,68,1539,0,0,1,0
738307,20/08/2017,20/08/2017,936,109788,35-39,F,31,36,36,3010,1,1,1,1
738389,19/08/2017,19/08/2017,936,109808,40-44,F,10,16,12,27081,9,11,1,1
738408,19/08/2017,19/08/2017,936,109813,40-44,F,16,22,22,20233,4,6,3,0
738413,19/08/2017,19/08/2017,936,109813,40-44,F,16,17,19,147159,36,58,3,1
738423,19/08/2017,19/08/2017,936,109816,40-44,F,18,20,24,21664,7,11,1,1
738436,19/08/2017,19/08/2017,936,109820,40-44,F,19,21,20,9112,4,5,1,1
738463,20/08/2017,20/08/2017,936,109826,40-44,F,21,23,24,542,0,0,1,0
738528,19/08/2017,19/08/2017,936,109839,40-44,F,30,34,33,402,0,0,1,1
738560,19/08/2017,19/08/2017,936,109844,40-44,F,64,70,66,1338,0,0,1,0
738582,19/08/2017,19/08/2017,936,109848,45-49,F,10,16,12,46150,15,20,1,1
738592,20/08/2017,20/08/2017,936,109850,45-49,F,16,22,20,493821,116,176,4,1
738593,20/08/2017,20/08/2017,936,109850,45-49,F,16,17,21,92011,27,34,2,1
738598,21/08/2017,21/08/2017,936,109851,45-49,F,18,23,24,12956,4,5,1,1
738606,21/08/2017,21/08/2017,936,109852,45-49,F,19,20,23,529,0,0,1,0
738637,21/08/2017,21/08/2017,936,109857,45-49,F,24,26,30,944,1,1,1,0
738648,18/08/2017,18/08/2017,936,109859,45-49,F,26,30,27,111090,38,52,5,1
747212,18/08/2017,18/08/2017,936,110836,30-34,M,10,16,14,7208,2,3,1,0
747213,18/08/2017,18/08/2017,936,110836,30-34,M,10,12,11,1746,0,0,1,0
747220,18/08/2017,18/08/2017,936,110837,30-34,M,15,17,16,2474,0,0,2,2
747222,18/08/2017,18/08/2017,936,110838,30-34,M,16,22,20,12489,2,2,1,0
747223,18/08/2017,18/08/2017,936,110838,30-34,M,16,18,18,8032,1,1,2,0
747248,21/08/2017,21/08/2017,936,110842,30-34,M,21,24,24,472,0,0,1,1
747332,21/08/2017,21/08/2017,936,110856,30-34,M,64,68,65,792,0,0,1,1
747362,21/08/2017,21/08/2017,936,110861,35-39,M,15,16,18,4607,1,1,1,1
747369,21/08/2017,21/08/2017,936,110862,35-39,M,16,17,21,13355,2,3,1,1
747370,20/08/2017,20/08/2017,936,110862,35-39,M,16,17,19,2936,0,0,1,0
747401,21/08/2017,21/08/2017,936,110867,35-39,M,22,25,25,2793,1,1,1,1
747435,21/08/2017,21/08/2017,936,110873,35-39,M,28,29,30,1032,0,0,1,0
747439,21/08/2017,21/08/2017,936,110874,35-39,M,29,35,33,1662,0,0,1,1
747489,21/08/2017,21/08/2017,936,110882,40-44,M,2,7,6,4016,2,1,1,1
747514,21/08/2017,21/08/2017,936,110886,40-44,M,16,20,17,14843,3,3,1,1
747645,21/08/2017,21/08/2017,936,110908,45-49,M,10,14,13,9674,3,5,1,1
747659,25/08/2017,25/08/2017,936,110910,45-49,M,16,21,17,12186,2,3,1,0
747675,25/08/2017,25/08/2017,936,110913,45-49,M,20,22,21,673,0,0,1,0
747678,25/08/2017,25/08/2017,936,110914,45-49,M,21,27,23,370,0,0,1,1
747712,24/08/2017,24/08/2017,936,110919,45-49,M,26,30,29,450,0,0,1,1
747790,24/08/2017,24/08/2017,936,110932,30-34,F,10,12,14,2077,0,0,1,1
747791,25/08/2017,25/08/2017,936,110932,30-34,F,10,14,13,31393,8,11,1,1
747795,25/08/2017,25/08/2017,936,110933,30-34,F,15,21,18,8410,2,2,1,1
747798,25/08/2017,25/08/2017,936,110934,30-34,F,16,21,20,25884,5,7,1,0
747824,25/08/2017,25/08/2017,936,110938,30-34,F,21,24,23,608,0,0,1,1
747828,25/08/2017,25/08/2017,936,110939,30-34,F,22,24,24,28488,10,9,1,0
747852,24/08/2017,24/08/2017,936,110943,30-34,F,26,32,32,10126,3,5,1,0
747859,24/08/2017,24/08/2017,936,110944,30-34,F,27,32,33,22572,5,9,1,0
747863,24/08/2017,24/08/2017,936,110944,30-34,F,27,30,33,1955,0,0,1,1
747879,24/08/2017,24/08/2017,936,110947,30-34,F,30,36,31,493,0,0,1,0
747903,24/08/2017,24/08/2017,936,110951,30-34,F,63,69,69,1491,0,0,1,1
747911,24/08/2017,24/08/2017,936,110952,30-34,F,64,66,66,1495,0,0,1,1
747968,24/08/2017,24/08/2017,936,110962,35-39,F,21,27,24,512,0,0,0,0
747991,24/08/2017,24/08/2017,936,110966,35-39,F,25,31,27,4868,2,2,1,0
748000,24/08/2017,24/08/2017,936,110967,35-39,F,26,27,32,6585,2,3,1,0
748007,24/08/2017,24/08/2017,936,110968,35-39,F,27,29,28,10164,2,4,1,1
748014,24/08/2017,24/08/2017,936,110970,35-39,F,29,31,35,11182,4,4,1,0
748045,25/08/2017,25/08/2017,936,110975,35-39,F,63,69,64,1238,0,0,1,0
748086,25/08/2017,25/08/2017,936,110982,40-44,F,16,19,18,34127,8,13,1,0
748087,26/08/2017,26/08/2017,936,110982,40-44,F,16,22,19,29466,7,11,2,0
748089,26/08/2017,26/08/2017,936,110982,40-44,F,16,18,21,38759,9,11,1,0
748091,26/08/2017,26/08/2017,936,110982,40-44,F,16,17,19,41720,10,12,1,1
748225,26/08/2017,26/08/2017,936,111005,45-49,F,15,16,17,18602,5,9,1,0
748230,26/08/2017,26/08/2017,936,111006,45-49,F,16,17,20,83929,21,28,4,1
748231,27/08/2017,27/08/2017,936,111006,45-49,F,16,18,21,25194,6,7,1,0
748233,27/08/2017,27/08/2017,936,111006,45-49,F,16,22,18,78627,19,27,1,0
748235,26/08/2017,26/08/2017,936,111006,45-49,F,16,18,19,102695,25,39,3,0
748294,26/08/2017,26/08/2017,936,111016,45-49,F,27,32,31,82827,24,48,3,0
748295,26/08/2017,26/08/2017,936,111016,45-49,F,27,31,32,9240,3,6,1,0
748303,25/08/2017,25/08/2017,936,111018,45-49,F,29,32,33,7706,2,2,1,0
748314,25/08/2017,25/08/2017,936,111020,45-49,F,31,34,32,7821,4,6,1,1
748341,25/08/2017,25/08/2017,936,111024,45-49,F,64,67,68,1363,0,0,1,1
776318,25/08/2017,25/08/2017,936,115484,45-49,F,15,16,19,3569,0,0,1,1
776322,25/08/2017,25/08/2017,936,115485,45-49,F,16,21,20,119063,34,53,1,0
776323,26/08/2017,26/08/2017,936,115485,45-49,F,16,17,18,99078,23,36,2,0
776325,26/08/2017,26/08/2017,936,115485,45-49,F,16,19,20,452398,114,180,1,0
776334,26/08/2017,26/08/2017,936,115487,45-49,F,10,12,16,191223,48,76,1,0
776336,26/08/2017,26/08/2017,936,115487,45-49,F,10,15,14,22216,6,10,1,0
776338,23/08/2017,23/08/2017,936,115487,45-49,F,10,12,11,48291,11,18,1,0
776353,23/08/2017,23/08/2017,936,115490,40-44,F,63,66,67,27559,8,13,1,0
776373,21/08/2017,21/08/2017,936,115493,45-49,F,25,27,27,10194,4,5,2,1
776383,21/08/2017,21/08/2017,936,115495,45-49,F,23,27,29,1168,0,0,1,1
776405,21/08/2017,21/08/2017,936,115498,45-49,F,21,25,22,40126,16,26,1,0
776416,21/08/2017,21/08/2017,936,115500,45-49,F,19,22,20,3659,1,0,1,1
776430,22/08/2017,22/08/2017,936,115503,30-34,M,10,14,16,3200,0,0,1,0
776464,22/08/2017,22/08/2017,936,115508,45-49,F,29,30,31,7550,1,2,1,1
776469,22/08/2017,22/08/2017,936,115509,45-49,F,28,33,29,45397,15,25,1,1
776473,22/08/2017,22/08/2017,936,115510,30-34,M,16,22,22,23086,2,3,1,1
776475,21/08/2017,21/08/2017,936,115510,30-34,M,16,21,20,16425,1,2,1,0
776476,21/08/2017,21/08/2017,936,115510,30-34,M,16,17,18,43756,5,5,0,0
776477,21/08/2017,21/08/2017,936,115510,30-34,M,16,22,17,9982,0,0,1,0
776489,21/08/2017,21/08/2017,936,115512,45-49,F,26,31,28,175389,55,82,1,0
776494,21/08/2017,21/08/2017,936,115513,30-34,M,15,16,16,7015,0,0,1,0
776515,21/08/2017,21/08/2017,936,115517,45-49,F,65,68,68,12706,3,5,1,1
776519,21/08/2017,21/08/2017,936,115517,45-49,F,65,71,67,70702,20,32,1,0
776533,21/08/2017,21/08/2017,936,115520,45-49,F,63,64,68,63927,16,26,2,0
776534,21/08/2017,21/08/2017,936,115520,45-49,F,63,69,67,15105,3,4,1,0
776538,21/08/2017,21/08/2017,936,115521,30-34,F,15,16,19,8774,1,2,1,0
776551,21/08/2017,21/08/2017,936,115523,30-34,F,16,18,22,14459,1,1,1,0
776552,22/08/2017,22/08/2017,936,115523,30-34,F,16,17,18,21596,2,3,1,0
776553,22/08/2017,22/08/2017,936,115523,30-34,F,16,21,17,66765,8,11,1,0
776563,23/08/2017,23/08/2017,936,115525,30-34,F,7,9,13,1369,0,0,1,1
776579,23/08/2017,23/08/2017,936,115527,30-34,F,10,13,14,26910,5,7,1,0
776603,23/08/2017,23/08/2017,936,115531,30-34,F,2,3,6,506,0,0,1,0
776615,23/08/2017,23/08/2017,936,115533,45-49,M,63,66,68,11988,3,4,1,0
776623,23/08/2017,23/08/2017,936,115535,45-49,M,64,69,65,19353,6,9,1,1
776631,23/08/2017,23/08/2017,936,115536,40-44,M,29,35,33,10960,2,3,1,0
776643,23/08/2017,23/08/2017,936,115538,30-34,M,15,18,18,33491,6,11,2,1
776644,23/08/2017,23/08/2017,936,115538,30-34,M,15,21,20,20083,2,3,2,1
776659,23/08/2017,23/08/2017,936,115541,30-34,M,16,19,22,8817,0,0,1,1
776661,23/08/2017,23/08/2017,936,115541,30-34,M,16,18,22,15466,1,1,1,0
776662,22/08/2017,22/08/2017,936,115541,30-34,M,16,18,22,27072,3,4,1,0
776663,22/08/2017,22/08/2017,936,115541,30-34,M,16,19,22,15753,1,1,1,1
776668,22/08/2017,22/08/2017,936,115542,40-44,M,19,21,24,3523,1,2,1,1
776685,22/08/2017,22/08/2017,936,115545,40-44,M,16,22,17,7745,0,0,1,0
776686,22/08/2017,22/08/2017,936,115545,40-44,M,16,17,21,18709,2,3,1,0
776687,23/08/2017,23/08/2017,936,115545,40-44,M,16,20,20,8022,0,0,2,1
776696,22/08/2017,22/08/2017,936,115547,30-34,M,10,11,12,7966,1,1,1,1
776697,22/08/2017,22/08/2017,936,115547,30-34,M,10,14,13,4132,0,0,1,1
776698,22/08/2017,22/08/2017,936,115547,30-34,M,10,14,16,12785,3,5,2,1
776699,27/08/2017,27/08/2017,936,115547,30-34,M,10,16,16,8213,1,1,1,1
776722,27/08/2017,27/08/2017,936,115551,30-34,M,2,4,7,545,0,0,1,1
776725,22/08/2017,22/08/2017,936,115552,40-44,M,23,26,27,2479,1,1,1,0
776780,22/08/2017,22/08/2017,936,115561,40-44,M,2,4,3,3812,2,3,1,0
776793,22/08/2017,22/08/2017,936,115563,45-49,M,21,23,26,1609,0,0,1,0
776799,22/08/2017,22/08/2017,936,115564,45-49,M,20,22,26,10257,3,4,1,1
776817,22/08/2017,22/08/2017,936,115567,40-44,M,10,14,16,12356,4,6,1,0
776825,23/08/2017,23/08/2017,936,115568,45-49,M,18,23,20,7410,1,1,1,0
776829,23/08/2017,23/08/2017,936,115569,45-49,M,16,20,19,140098,28,47,1,0
776831,22/08/2017,22/08/2017,936,115569,45-49,M,16,18,20,107021,20,34,1,0
776840,22/08/2017,22/08/2017,936,115571,35-39,M,36,38,40,2797,1,1,1,0
776861,22/08/2017,22/08/2017,936,115574,45-49,M,7,9,12,16461,6,9,1,0
776892,30/08/2017,30/08/2017,936,115580,40-44,M,63,66,69,17488,5,8,1,0
776928,30/08/2017,30/08/2017,936,115586,35-39,M,10,11,15,9750,2,2,1,1
776935,30/08/2017,30/08/2017,936,115587,45-49,M,36,41,38,1136,0,0,1,1
777105,30/08/2017,30/08/2017,936,115615,45-49,M,63,67,67,4333,1,0,1,1
777130,30/08/2017,30/08/2017,936,115619,35-39,M,16,21,22,6260,0,0,1,0
777131,22/08/2017,22/08/2017,936,115619,35-39,M,16,19,21,6359,0,0,1,0
777166,30/08/2017,30/08/2017,936,115625,30-34,M,63,69,65,2383,0,0,1,1
777187,30/08/2017,30/08/2017,936,115629,40-44,M,27,31,28,11292,3,5,1,1
777198,30/08/2017,30/08/2017,936,115631,30-34,M,64,70,69,12729,4,6,1,0
777200,23/08/2017,23/08/2017,936,115631,30-34,M,64,69,70,1898,0,0,1,1
777201,23/08/2017,23/08/2017,936,115631,30-34,M,64,69,65,1882,0,0,1,1
777235,24/08/2017,24/08/2017,936,115637,30-34,M,65,66,67,2883,1,1,1,1
777248,24/08/2017,24/08/2017,936,115639,30-34,F,7,9,10,3989,1,1,1,0
777261,24/08/2017,24/08/2017,936,115641,40-44,M,29,31,34,19603,4,5,1,1
777382,25/08/2017,25/08/2017,936,115675,40-44,M,24,26,27,3047,1,1,1,0
777398,25/08/2017,25/08/2017,936,115677,35-39,M,24,27,30,3029,1,1,1,1
777410,25/08/2017,25/08/2017,936,115679,45-49,M,26,29,28,3490,1,1,1,1
777482,25/08/2017,25/08/2017,936,115691,45-49,M,28,32,32,2479,0,0,1,0
777495,25/08/2017,25/08/2017,936,115693,40-44,M,19,25,25,19581,7,10,2,0
777519,24/08/2017,24/08/2017,936,115697,45-49,M,29,34,32,19537,5,6,1,0
777625,24/08/2017,24/08/2017,936,115715,45-49,M,16,17,19,59433,12,20,3,0
777627,23/08/2017,23/08/2017,936,115715,45-49,M,16,17,19,157534,33,56,2,0
777638,23/08/2017,23/08/2017,936,115717,40-44,M,7,10,12,1781,0,0,1,1
777670,23/08/2017,23/08/2017,936,115723,40-44,M,16,19,19,23769,4,6,1,0
777673,23/08/2017,23/08/2017,936,115723,40-44,M,16,18,17,7101,0,0,1,0
777742,23/08/2017,23/08/2017,936,115735,35-39,M,64,69,68,4726,1,2,1,1
777758,24/08/2017,24/08/2017,936,115737,30-34,M,19,20,20,5209,1,1,2,0
777794,24/08/2017,24/08/2017,936,115743,30-34,M,18,23,24,13473,3,3,3,0
777816,23/08/2017,23/08/2017,936,115747,40-44,M,2,7,7,500,0,0,1,1
777871,23/08/2017,23/08/2017,936,115756,30-34,M,20,26,23,4616,1,1,1,0
777904,30/08/2017,30/08/2017,936,115762,30-34,M,31,32,33,3279,0,0,1,0
777905,30/08/2017,30/08/2017,936,115762,30-34,M,31,36,36,3288,0,0,1,0
778037,28/08/2017,28/08/2017,936,115784,35-39,M,27,29,28,14615,4,6,1,0
778048,28/08/2017,28/08/2017,936,115786,30-34,M,27,28,29,56615,12,20,2,0
778085,28/08/2017,28/08/2017,936,115792,30-34,M,26,32,31,11735,3,5,1,1
778087,28/08/2017,28/08/2017,936,115792,30-34,M,26,30,32,15910,5,7,1,0
778112,28/08/2017,28/08/2017,936,115796,35-39,M,29,33,35,11446,2,3,1,1
778113,28/08/2017,28/08/2017,936,115796,35-39,M,29,35,35,4595,0,0,1,0
778124,28/08/2017,28/08/2017,936,115798,30-34,M,29,34,32,4871,0,0,1,0
778148,28/08/2017,28/08/2017,936,115802,35-39,M,28,32,30,3199,0,0,1,0
778156,28/08/2017,28/08/2017,936,115804,30-34,M,28,32,31,9388,2,3,1,0
778161,27/08/2017,27/08/2017,936,115804,30-34,M,28,31,33,17954,6,8,2,1
778208,27/08/2017,27/08/2017,936,115812,40-44,F,29,32,32,2755,0,0,1,0
778264,27/08/2017,27/08/2017,936,115822,40-44,F,27,31,30,8152,1,1,1,0
778266,27/08/2017,27/08/2017,936,115822,40-44,F,27,32,28,74542,19,34,1,0
778421,27/08/2017,27/08/2017,936,115848,40-44,F,20,21,23,6699,2,3,1,0
778422,27/08/2017,27/08/2017,936,115848,40-44,F,20,25,24,11911,4,4,1,0
778461,27/08/2017,27/08/2017,936,115854,40-44,M,29,35,33,10090,2,3,1,1
778471,27/08/2017,27/08/2017,936,115856,30-34,M,32,35,36,1273,0,0,1,1
778483,27/08/2017,27/08/2017,936,115858,40-44,F,18,24,20,24188,5,8,1,0
778529,27/08/2017,27/08/2017,936,115866,30-34,M,31,35,33,2214,0,0,1,0
778556,28/08/2017,28/08/2017,936,115870,40-44,M,32,35,38,9735,4,4,1,1
778590,28/08/2017,28/08/2017,936,115876,30-34,M,30,36,36,1371,0,0,1,1
778600,29/08/2017,29/08/2017,936,115878,40-44,F,22,23,25,10750,4,5,1,0
778626,29/08/2017,29/08/2017,936,115882,30-34,M,29,33,35,7629,1,1,1,1
778628,29/08/2017,29/08/2017,936,115882,30-34,M,29,35,30,4608,0,0,1,0
778674,29/08/2017,29/08/2017,936,115890,35-39,M,29,31,30,3732,0,0,1,0
778689,30/08/2017,30/08/2017,936,115892,30-34,M,28,32,32,7453,1,2,1,1
778722,30/08/2017,30/08/2017,936,115898,35-39,F,64,70,67,41785,14,19,1,0
778737,30/08/2017,30/08/2017,936,115900,35-39,M,27,32,30,8077,2,4,1,1
778756,30/08/2017,30/08/2017,936,115904,35-39,F,63,65,65,5602,1,2,1,0
778804,30/08/2017,30/08/2017,936,115912,30-34,M,26,29,29,6184,2,3,1,1
778808,29/08/2017,29/08/2017,936,115912,30-34,M,26,28,29,1738,0,0,1,0
778964,29/08/2017,29/08/2017,936,115938,35-39,F,27,33,28,112460,25,41,1,0
779057,29/08/2017,29/08/2017,936,115954,40-44,M,15,21,21,4414,0,0,1,0
779106,28/08/2017,28/08/2017,936,115962,35-39,F,30,35,36,14670,7,9,1,0
779438,28/08/2017,28/08/2017,936,116031,30-34,F,64,66,69,33144,9,13,1,0
779453,29/08/2017,29/08/2017,936,116033,45-49,M,64,68,70,4397,1,1,1,0
779488,29/08/2017,29/08/2017,936,116039,45-49,M,65,68,69,1006,0,0,1,0
779573,29/08/2017,29/08/2017,936,116053,35-39,F,10,13,16,89527,24,32,1,0
779608,29/08/2017,29/08/2017,936,116059,35-39,F,15,18,16,2459,0,0,1,0
779609,29/08/2017,29/08/2017,936,116059,35-39,F,15,20,18,7116,2,2,1,1
779622,29/08/2017,29/08/2017,936,116061,30-34,F,15,18,17,8613,1,1,2,0
779631,19/08/2017,19/08/2017,936,116063,35-39,F,16,19,18,9730,1,1,1,0
779644,19/08/2017,19/08/2017,936,116065,30-34,F,16,20,20,51816,8,10,2,1
779645,22/08/2017,22/08/2017,936,116065,30-34,F,16,21,20,27289,3,4,1,0
779715,22/08/2017,22/08/2017,936,116077,30-34,F,29,32,33,20409,4,4,1,0
779716,22/08/2017,22/08/2017,936,116077,30-34,F,29,32,34,8044,1,1,1,0
779738,22/08/2017,22/08/2017,936,116081,30-34,F,28,32,33,15645,4,5,1,0
779778,22/08/2017,22/08/2017,936,116087,30-34,F,31,37,34,2466,0,0,2,2
779789,22/08/2017,22/08/2017,936,116089,45-49,M,10,14,13,11611,3,4,1,1
779824,22/08/2017,22/08/2017,936,116095,45-49,M,7,13,9,9375,3,4,1,0
779871,22/08/2017,22/08/2017,936,116103,30-34,F,32,37,34,4402,1,1,1,1
779918,22/08/2017,22/08/2017,936,116111,30-34,F,18,23,24,8469,2,3,1,0
779922,22/08/2017,22/08/2017,936,116111,30-34,F,18,22,24,5823,1,1,1,1
779944,21/08/2017,21/08/2017,936,116115,35-39,M,10,13,16,2549,0,0,1,0
779979,21/08/2017,21/08/2017,936,116121,35-39,M,16,17,21,25817,4,6,1,0
779995,21/08/2017,21/08/2017,936,116123,30-34,F,20,24,25,1961,0,0,1,0
780064,21/08/2017,21/08/2017,936,116135,30-34,F,22,24,25,2554,0,0,1,0
780104,21/08/2017,21/08/2017,936,116147,30-34,F,25,27,26,4971,1,1,1,1
780199,22/08/2017,22/08/2017,936,116163,35-39,F,23,28,27,1030,0,0,1,1
780318,22/08/2017,22/08/2017,936,116183,45-49,F,29,32,31,162341,56,77,3,0
780323,21/08/2017,21/08/2017,936,116183,45-49,F,29,35,34,24542,7,9,1,0
780486,21/08/2017,21/08/2017,936,116216,30-34,F,65,69,71,2879,0,0,1,1
780498,22/08/2017,22/08/2017,936,116218,30-34,F,64,65,68,13621,3,4,1,0
780511,23/08/2017,23/08/2017,936,116220,30-34,F,63,65,66,6175,1,1,2,1
780629,24/08/2017,24/08/2017,936,116240,30-34,F,28,34,34,2963,0,0,1,0
780653,24/08/2017,24/08/2017,936,116244,30-34,F,29,33,35,9076,1,1,1,1
780655,24/08/2017,24/08/2017,936,116244,30-34,F,29,33,34,20941,4,6,1,1
780666,24/08/2017,24/08/2017,936,116246,45-49,F,10,13,13,3462,0,0,1,0
780681,24/08/2017,24/08/2017,936,116248,30-34,F,26,29,29,4073,0,0,1,1
780700,18/08/2017,18/08/2017,936,116252,30-34,F,27,33,30,3745,0,0,1,0
780748,18/08/2017,18/08/2017,936,116265,30-34,F,24,26,28,830,0,0,1,0
780759,18/08/2017,18/08/2017,936,116267,45-49,F,18,24,22,2912,0,0,1,0
780760,24/08/2017,24/08/2017,936,116267,45-49,F,18,23,22,17167,5,7,1,0
780797,24/08/2017,24/08/2017,936,116273,30-34,F,22,25,25,24491,7,10,1,0
780799,23/08/2017,23/08/2017,936,116273,30-34,F,22,24,26,44699,13,17,2,0
780821,23/08/2017,23/08/2017,936,116277,30-34,F,23,24,25,6469,2,1,1,0
780830,23/08/2017,23/08/2017,936,116279,45-49,F,16,17,17,16053,3,4,1,1
780835,23/08/2017,23/08/2017,936,116279,45-49,F,16,21,21,54724,12,18,1,1
780867,23/08/2017,23/08/2017,936,116285,30-34,F,21,27,26,4706,1,1,1,0
780974,23/08/2017,23/08/2017,936,116303,40-44,F,32,38,36,8316,3,5,1,1
781066,23/08/2017,23/08/2017,936,116323,40-44,F,22,26,25,5794,2,2,1,0
781114,23/08/2017,23/08/2017,936,116331,40-44,F,18,24,22,4813,1,1,1,0
781159,23/08/2017,23/08/2017,936,116339,40-44,F,10,15,11,85285,26,36,1,0
781162,21/08/2017,21/08/2017,936,116339,40-44,F,10,11,13,5839,1,1,1,0
781175,21/08/2017,21/08/2017,936,116341,40-44,F,15,16,21,5859,1,2,1,0
781187,18/08/2017,18/08/2017,936,116343,40-44,F,16,22,19,164118,41,59,1,0
781195,18/08/2017,18/08/2017,936,116345,35-39,F,63,67,69,18234,6,8,1,0
781207,18/08/2017,18/08/2017,936,116347,35-39,F,64,67,70,2755,0,0,1,0
781303,19/08/2017,19/08/2017,936,116363,35-39,F,27,29,30,73676,20,29,1,0
781305,19/08/2017,19/08/2017,936,116363,35-39,F,27,30,28,18421,7,10,1,0
781327,19/08/2017,19/08/2017,936,116367,35-39,F,29,35,35,164754,49,68,2,1
781353,19/08/2017,19/08/2017,936,116371,35-39,F,10,13,15,7449,1,2,1,1
781354,19/08/2017,19/08/2017,936,116371,35-39,F,10,14,16,6424,1,1,1,0
781438,18/08/2017,18/08/2017,936,116385,30-34,M,63,65,68,2086,0,0,1,0
781470,18/08/2017,18/08/2017,936,116391,35-39,M,16,17,18,6016,0,0,1,0
781499,18/08/2017,18/08/2017,936,116395,35-39,M,15,21,20,6412,1,1,1,0
781508,24/08/2017,24/08/2017,936,116397,30-34,F,63,68,64,5040,1,1,1,0
781556,24/08/2017,24/08/2017,936,116405,30-34,F,32,37,36,1772,0,0,1,0
781559,18/08/2017,18/08/2017,936,116405,30-34,F,32,38,34,1783,0,0,1,0
781606,18/08/2017,18/08/2017,936,116413,35-39,M,20,21,24,8200,3,4,1,0
781690,18/08/2017,18/08/2017,936,116427,45-49,F,26,28,30,115896,38,49,1,0
781811,18/08/2017,18/08/2017,936,116447,35-39,F,16,17,22,10186,1,1,1,1
781857,18/08/2017,18/08/2017,936,116455,30-34,M,20,21,24,9134,3,4,2,0
781858,18/08/2017,18/08/2017,936,116455,30-34,M,20,25,22,3385,1,1,1,1
781907,19/08/2017,19/08/2017,936,116463,45-49,F,21,27,23,1314,0,0,1,0
781928,19/08/2017,19/08/2017,936,116467,30-34,M,18,21,22,2916,0,0,1,1
781929,20/08/2017,20/08/2017,936,116467,30-34,M,18,21,21,6142,1,1,1,0
781950,20/08/2017,20/08/2017,936,116471,30-34,F,20,26,21,1984,0,0,1,0
781999,20/08/2017,20/08/2017,936,116479,30-34,M,24,30,29,9142,3,4,1,0
782001,20/08/2017,20/08/2017,936,116479,30-34,M,24,30,28,5475,2,3,1,1
782022,20/08/2017,20/08/2017,936,116483,30-34,F,18,24,20,8254,2,2,1,1
782026,21/08/2017,21/08/2017,936,116483,30-34,F,18,24,20,5704,1,1,1,0
782130,21/08/2017,21/08/2017,936,116501,30-34,F,16,18,21,7301,0,0,1,0
782134,21/08/2017,21/08/2017,936,116501,30-34,F,16,19,21,37873,5,6,1,1
782135,20/08/2017,20/08/2017,936,116501,30-34,F,16,20,17,25267,4,5,2,1
782171,20/08/2017,20/08/2017,936,116507,30-34,F,30,31,32,535,0,0,1,0
782180,19/08/2017,19/08/2017,936,116509,30-34,M,29,34,30,3396,0,0,1,0
782219,19/08/2017,19/08/2017,936,116515,30-34,M,26,27,32,977,0,0,1,0
782228,19/08/2017,19/08/2017,936,116517,40-44,F,63,64,66,12318,5,6,1,1
782242,19/08/2017,19/08/2017,936,116519,30-34,F,28,34,31,4783,1,1,1,0
782275,19/08/2017,19/08/2017,936,116525,30-34,F,29,31,30,6475,1,1,1,0
782337,20/08/2017,20/08/2017,936,116535,45-49,F,16,18,19,104578,29,39,1,1
782407,20/08/2017,20/08/2017,936,116547,45-49,F,10,12,11,33664,11,13,1,0
782443,20/08/2017,20/08/2017,936,116553,40-44,F,20,25,24,979,0,0,1,0
782541,20/08/2017,20/08/2017,936,116569,40-44,F,28,29,30,7337,3,4,1,0
782587,18/08/2017,18/08/2017,936,116577,30-34,M,10,13,16,2499,0,0,1,0
782647,18/08/2017,18/08/2017,936,116587,40-44,F,27,33,30,11244,3,5,1,0
782658,23/08/2017,23/08/2017,936,116589,30-34,M,15,17,19,4827,0,0,1,0
782694,23/08/2017,23/08/2017,936,116595,35-39,F,29,31,35,29035,7,9,2,2
782706,23/08/2017,23/08/2017,936,116597,35-39,F,30,32,32,761,0,0,1,0
782754,23/08/2017,23/08/2017,936,116605,35-39,F,26,31,32,6532,1,2,1,0
782815,23/08/2017,23/08/2017,936,116615,40-44,F,10,16,15,11537,3,4,1,0
782816,23/08/2017,23/08/2017,936,116615,40-44,F,10,13,11,12183,3,3,1,0
782862,23/08/2017,23/08/2017,936,116623,35-39,F,64,70,67,5912,1,2,1,1
950068,23/08/2017,23/08/2017,936,123438,30-34,M,10,12,13,4012,1,2,1,0
950078,22/08/2017,22/08/2017,936,123440,30-34,M,16,22,17,12396,2,3,2,1
950079,22/08/2017,22/08/2017,936,123440,30-34,M,16,20,22,3142,0,0,2,2
950099,22/08/2017,22/08/2017,936,123443,30-34,M,18,23,23,1120,0,0,1,0
950109,22/08/2017,22/08/2017,936,123445,30-34,M,20,24,22,343,0,0,1,1
950170,22/08/2017,22/08/2017,936,123455,30-34,M,15,19,16,1720,0,0,1,1
950179,22/08/2017,22/08/2017,936,123457,30-34,M,16,22,19,3423,0,0,1,1
950182,22/08/2017,22/08/2017,936,123457,30-34,M,16,20,19,3242,0,0,1,0
950183,22/08/2017,22/08/2017,936,123457,30-34,M,16,22,19,15720,1,1,1,0
950200,22/08/2017,22/08/2017,936,123460,30-34,M,10,13,15,1217,0,0,1,1
950224,22/08/2017,22/08/2017,936,123464,40-44,M,20,21,23,2367,2,3,1,1
950326,22/08/2017,22/08/2017,936,123481,35-39,M,16,19,22,6607,1,1,2,0
950345,23/08/2017,23/08/2017,936,123484,30-34,M,64,66,65,616,0,0,1,0
950452,23/08/2017,23/08/2017,936,123502,45-49,M,16,22,22,5537,1,2,1,0
950463,19/08/2017,19/08/2017,936,123504,45-49,M,15,19,18,818,0,0,1,0
950495,19/08/2017,19/08/2017,936,123509,45-49,M,21,25,25,1909,1,1,1,0
950521,18/08/2017,18/08/2017,936,123514,30-34,M,21,27,25,351,0,0,1,0
950531,19/08/2017,19/08/2017,936,123515,45-49,M,22,24,26,572,0,0,1,0
950537,19/08/2017,19/08/2017,936,123516,40-44,M,36,41,40,1884,1,1,1,0
950550,19/08/2017,19/08/2017,936,123519,30-34,M,30,35,36,219,0,0,1,0
950577,19/08/2017,19/08/2017,936,123523,30-34,M,32,38,34,540,0,0,1,1
950578,19/08/2017,19/08/2017,936,123523,30-34,M,32,37,37,550,0,0,1,0
950595,18/08/2017,18/08/2017,936,123526,30-34,M,26,30,31,465,0,0,1,0
950609,18/08/2017,18/08/2017,936,123528,30-34,M,29,31,35,1761,0,0,1,1
950629,23/08/2017,23/08/2017,936,123532,30-34,M,65,67,68,152,0,0,1,1
950631,23/08/2017,23/08/2017,936,123532,30-34,M,65,70,70,152,0,0,1,1
950649,23/08/2017,23/08/2017,936,123535,30-34,M,64,67,70,429,0,0,1,0
950745,18/08/2017,18/08/2017,936,123551,30-34,M,29,32,31,1514,0,0,2,2
950770,18/08/2017,18/08/2017,936,123555,30-34,M,28,31,30,7780,3,4,2,2
950772,18/08/2017,18/08/2017,936,123556,35-39,M,28,30,33,460,0,0,1,0
950773,18/08/2017,18/08/2017,936,123556,35-39,M,28,29,32,471,0,0,1,0
950776,18/08/2017,18/08/2017,936,123556,35-39,M,28,29,32,2633,1,1,1,0
950787,18/08/2017,18/08/2017,936,123558,30-34,M,27,32,30,199,0,0,1,0
950808,22/08/2017,22/08/2017,936,123562,35-39,M,32,33,38,398,0,0,1,0
950839,22/08/2017,22/08/2017,936,123567,30-34,M,24,29,25,246,0,0,2,2
950878,19/08/2017,19/08/2017,936,123573,40-44,M,10,11,15,2967,1,2,1,1
950969,19/08/2017,19/08/2017,936,123588,45-49,M,36,38,40,255,0,0,1,0
951021,19/08/2017,19/08/2017,936,123597,30-34,F,7,13,9,457,0,0,1,1
951033,19/08/2017,19/08/2017,936,123599,30-34,F,10,13,13,5517,1,1,1,0
951035,19/08/2017,19/08/2017,936,123599,30-34,F,10,15,12,1539,0,0,1,1
951043,19/08/2017,19/08/2017,936,123601,30-34,F,16,22,17,3189,0,0,1,0
951045,19/08/2017,19/08/2017,936,123601,30-34,F,16,20,21,3348,0,0,1,0
951046,19/08/2017,19/08/2017,936,123601,30-34,F,16,18,17,20050,4,5,4,1
951102,19/08/2017,19/08/2017,936,123611,45-49,M,16,18,19,2254,0,0,1,0
951105,19/08/2017,19/08/2017,936,123611,45-49,M,16,20,21,5894,1,2,1,1
951133,18/08/2017,18/08/2017,936,123616,35-39,M,16,21,19,9948,2,3,2,0
951202,18/08/2017,18/08/2017,936,123627,45-49,F,26,29,28,5307,3,4,2,1
951225,18/08/2017,18/08/2017,936,123631,35-39,F,22,28,28,4621,2,3,1,1
951270,18/08/2017,18/08/2017,936,123639,35-39,F,18,21,19,784,0,0,1,1
951282,18/08/2017,18/08/2017,936,123641,35-39,F,16,22,17,5775,1,2,1,1
951285,19/08/2017,19/08/2017,936,123641,35-39,F,16,20,20,9297,2,3,2,1
951294,19/08/2017,19/08/2017,936,123643,35-39,F,15,16,17,699,0,0,1,0
951305,19/08/2017,19/08/2017,936,123644,35-39,F,10,12,13,1104,0,0,1,0
951334,18/08/2017,18/08/2017,936,123649,30-34,F,64,70,69,3717,1,2,1,0
951391,19/08/2017,19/08/2017,936,123659,30-34,F,28,29,33,2879,1,2,2,2
951392,20/08/2017,20/08/2017,936,123659,30-34,F,28,31,32,2749,1,1,1,0
951400,21/08/2017,21/08/2017,936,123660,45-49,F,10,12,15,24028,9,12,2,0
951402,21/08/2017,21/08/2017,936,123661,30-34,F,29,32,31,1118,0,0,1,1
951413,21/08/2017,21/08/2017,936,123662,30-34,F,26,29,27,1083,0,0,2,1
951420,21/08/2017,21/08/2017,936,123664,30-34,F,27,33,32,843,0,0,1,0
951444,21/08/2017,21/08/2017,936,123668,30-34,F,25,28,26,2983,1,1,1,0
951448,22/08/2017,22/08/2017,936,123668,30-34,F,25,30,28,696,0,0,1,0
951462,21/08/2017,21/08/2017,936,123671,45-49,F,16,20,19,7589,2,3,1,1
951464,21/08/2017,21/08/2017,936,123671,45-49,F,16,17,21,20997,10,12,1,0
951465,21/08/2017,21/08/2017,936,123671,45-49,F,16,18,17,4617,1,1,1,0
951498,21/08/2017,21/08/2017,936,123677,45-49,F,20,22,21,259,0,0,1,0
951508,21/08/2017,21/08/2017,936,123678,30-34,F,18,21,22,1134,0,0,1,0
951542,20/08/2017,20/08/2017,936,123684,40-44,F,27,32,28,357,0,0,1,0
951607,20/08/2017,20/08/2017,936,123695,40-44,F,10,15,15,848,0,0,1,1
951608,20/08/2017,20/08/2017,936,123695,40-44,F,10,15,13,3149,1,1,1,0
951641,20/08/2017,20/08/2017,936,123700,40-44,F,2,4,7,87,0,0,1,1
951677,20/08/2017,20/08/2017,936,123706,35-39,F,27,28,31,2563,1,1,1,0
951692,21/08/2017,21/08/2017,936,123709,35-39,F,10,15,14,1107,0,0,1,0
951715,20/08/2017,20/08/2017,936,123713,45-49,F,64,65,65,10677,5,7,1,0
951756,20/08/2017,20/08/2017,936,123720,35-39,F,22,25,26,2189,1,0,1,0
951779,20/08/2017,20/08/2017,936,123723,45-49,F,27,32,29,3277,2,3,1,0
951782,24/08/2017,24/08/2017,936,123724,45-49,F,26,30,29,781,0,0,1,0
951810,24/08/2017,24/08/2017,936,123729,35-39,F,16,17,22,2226,0,0,1,0
951812,29/08/2017,29/08/2017,936,123729,35-39,F,16,18,18,16274,4,6,2,0
951837,29/08/2017,29/08/2017,936,123733,45-49,F,20,23,23,2077,1,2,1,1
951853,29/08/2017,29/08/2017,936,123736,30-34,F,20,23,25,529,0,0,0,0
951854,25/08/2017,25/08/2017,936,123736,30-34,F,20,26,25,487,0,0,1,0
951856,25/08/2017,25/08/2017,936,123736,30-34,F,20,23,21,4626,2,2,2,0
951941,25/08/2017,25/08/2017,936,123750,30-34,F,28,33,34,2764,1,2,1,1
952001,25/08/2017,25/08/2017,936,123760,45-49,F,10,12,13,5447,2,3,1,0
952031,25/08/2017,25/08/2017,936,123765,40-44,F,16,17,17,28169,8,12,1,1
952080,29/08/2017,29/08/2017,936,123774,40-44,F,27,30,30,415,0,0,1,0
952100,29/08/2017,29/08/2017,936,123777,35-39,F,29,31,30,810,0,0,1,1
1121091,28/08/2017,28/08/2017,1178,144531,30-34,M,10,11,15,1194718,141,254,28,14
1121092,28/08/2017,28/08/2017,1178,144531,30-34,M,10,12,11,637648,67,122,13,5
1121094,28/08/2017,28/08/2017,1178,144531,30-34,M,10,16,15,24362,0,0,1,1
1121095,28/08/2017,28/08/2017,1178,144531,30-34,M,10,16,12,459690,50,86,5,2
1121096,28/08/2017,28/08/2017,1178,144531,30-34,M,10,11,16,750060,86,162,11,2
1121097,29/08/2017,29/08/2017,1178,144532,30-34,M,15,18,18,30068,1,2,1,0
1121098,29/08/2017,29/08/2017,1178,144532,30-34,M,15,18,21,1267550,123,237,24,10
1121100,29/08/2017,29/08/2017,1178,144532,30-34,M,15,20,17,3052003,340,640,60,17
1121101,28/08/2017,28/08/2017,1178,144532,30-34,M,15,17,21,29945,1,2,2,1
1121102,25/08/2017,25/08/2017,1178,144532,30-34,M,15,18,20,357856,30,53,7,3
1121104,25/08/2017,25/08/2017,1178,144533,30-34,M,16,20,20,2080666,202,360,40,21
1121105,26/08/2017,26/08/2017,1178,144533,30-34,M,16,22,19,145999,9,17,5,2
1121107,26/08/2017,26/08/2017,1178,144533,30-34,M,16,17,19,32616,1,2,2,0
1121108,26/08/2017,26/08/2017,1178,144533,30-34,M,16,20,18,984521,95,164,26,14
1121110,26/08/2017,26/08/2017,1178,144534,30-34,M,18,20,22,880814,123,210,6,2
1121111,26/08/2017,26/08/2017,1178,144534,30-34,M,18,19,21,182452,20,36,4,1
1121113,27/08/2017,27/08/2017,1178,144534,30-34,M,18,24,24,894911,120,216,7,4
1121114,27/08/2017,27/08/2017,1178,144534,30-34,M,18,23,23,31349,2,4,1,0
1121115,26/08/2017,26/08/2017,1178,144535,30-34,M,19,21,21,410310,55,97,3,0
1121116,26/08/2017,26/08/2017,1178,144535,30-34,M,19,20,24,572450,89,157,7,4
1121117,26/08/2017,26/08/2017,1178,144535,30-34,M,19,24,25,98759,15,27,1,1
1121119,25/08/2017,25/08/2017,1178,144535,30-34,M,19,21,22,345371,54,93,7,3
1121121,25/08/2017,25/08/2017,1178,144536,30-34,M,20,22,25,323899,46,79,5,1
1121122,25/08/2017,25/08/2017,1178,144536,30-34,M,20,21,25,399199,58,103,3,0
1121123,25/08/2017,25/08/2017,1178,144536,30-34,M,20,24,22,171202,22,37,3,1
1121124,26/08/2017,26/08/2017,1178,144536,30-34,M,20,26,24,128386,15,29,2,1
1121125,26/08/2017,26/08/2017,1178,144536,30-34,M,20,26,24,1034284,152,258,20,9
1121126,26/08/2017,26/08/2017,1178,144536,30-34,M,20,21,24,45923,5,7,2,0
1121127,26/08/2017,26/08/2017,1178,144537,30-34,M,21,23,22,40873,4,8,2,1
1121128,26/08/2017,26/08/2017,1178,144537,30-34,M,21,26,22,286553,34,62,2,1
1121129,28/08/2017,28/08/2017,1178,144537,30-34,M,21,25,25,20618,1,2,2,1
1121131,28/08/2017,28/08/2017,1178,144537,30-34,M,21,27,25,83591,7,14,2,2
1121132,21/08/2017,21/08/2017,1178,144537,30-34,M,21,23,27,114923,12,24,4,2
1121133,21/08/2017,21/08/2017,1178,144538,30-34,M,22,25,23,25002,1,2,1,0
1121134,21/08/2017,21/08/2017,1178,144538,30-34,M,22,27,28,68905,5,9,1,0
1121136,21/08/2017,21/08/2017,1178,144538,30-34,M,22,26,26,169588,16,28,1,0
1121138,21/08/2017,21/08/2017,1178,144538,30-34,M,22,26,24,328991,35,68,5,2
1121141,21/08/2017,21/08/2017,1178,144539,30-34,M,23,29,27,23198,2,3,1,0
1121142,21/08/2017,21/08/2017,1178,144539,30-34,M,23,24,27,26890,2,3,1,0
1121143,21/08/2017,21/08/2017,1178,144539,30-34,M,23,28,27,221695,31,52,5,2
1121152,20/08/2017,20/08/2017,1178,144541,30-34,M,24,29,28,88443,7,13,1,1
1121153,20/08/2017,20/08/2017,1178,144541,30-34,M,24,27,30,187856,23,38,5,1
1121164,19/08/2017,19/08/2017,1178,144545,30-34,M,25,31,30,570699,80,139,9,2
1121167,19/08/2017,19/08/2017,1178,144545,30-34,M,25,29,31,1063508,145,260,23,7
1121168,19/08/2017,19/08/2017,1178,144545,30-34,M,25,27,28,50523,6,9,1,0
1121172,20/08/2017,20/08/2017,1178,144547,30-34,M,26,30,28,87935,9,16,1,0
1121173,20/08/2017,20/08/2017,1178,144547,30-34,M,26,31,32,278225,33,60,3,0
1121175,20/08/2017,20/08/2017,1178,144547,30-34,M,26,28,29,209461,20,34,1,0
1121177,20/08/2017,20/08/2017,1178,144547,30-34,M,26,28,29,26316,2,3,3,0
1121181,20/08/2017,20/08/2017,1178,144549,30-34,M,27,32,29,41030,3,5,2,1
1121182,20/08/2017,20/08/2017,1178,144549,30-34,M,27,28,33,876671,120,217,22,4
1121183,21/08/2017,21/08/2017,1178,144549,30-34,M,27,32,29,399392,53,93,5,0
1121184,22/08/2017,22/08/2017,1178,144549,30-34,M,27,31,29,283858,30,56,1,0
1121185,23/08/2017,23/08/2017,1178,144549,30-34,M,27,28,29,260699,31,54,5,2
1121193,23/08/2017,23/08/2017,1178,144552,30-34,M,28,34,29,57781,5,8,2,1
1121195,23/08/2017,23/08/2017,1178,144552,30-34,M,28,34,33,38757,3,5,1,0
1121196,23/08/2017,23/08/2017,1178,144552,30-34,M,28,29,29,1392288,206,359,31,7
1121197,23/08/2017,23/08/2017,1178,144552,30-34,M,28,30,32,1109387,159,281,13,2
1121202,28/08/2017,28/08/2017,1178,144554,30-34,M,29,32,34,581281,65,115,10,5
1121203,23/08/2017,23/08/2017,1178,144554,30-34,M,29,35,33,1048861,128,220,22,8
1121205,23/08/2017,23/08/2017,1178,144554,30-34,M,29,32,30,297452,30,52,4,1
1121206,23/08/2017,23/08/2017,1178,144554,30-34,M,29,34,31,227925,22,35,22,12
1121207,23/08/2017,23/08/2017,1178,144554,30-34,M,29,34,31,374175,38,63,8,3
1121211,23/08/2017,23/08/2017,1178,144556,30-34,M,30,32,31,223586,32,54,1,0
1121213,22/08/2017,22/08/2017,1178,144556,30-34,M,30,31,35,283170,39,65,2,1
1121215,22/08/2017,22/08/2017,1178,144556,30-34,M,30,31,34,41636,3,4,1,0
1121216,22/08/2017,22/08/2017,1178,144556,30-34,M,30,32,34,198658,30,49,8,1
1121220,22/08/2017,22/08/2017,1178,144558,30-34,M,31,37,35,100596,10,14,4,2
1121223,22/08/2017,22/08/2017,1178,144558,30-34,M,31,37,35,64020,5,11,1,0
1121224,23/08/2017,23/08/2017,1178,144558,30-34,M,31,32,33,14289,0,0,1,0
1121229,22/08/2017,22/08/2017,1178,144561,30-34,M,32,36,37,404866,43,87,4,0
1121231,22/08/2017,22/08/2017,1178,144561,30-34,M,32,36,35,22256,1,2,1,1
1121233,22/08/2017,22/08/2017,1178,144561,30-34,M,32,34,36,57690,4,7,1,0
1121241,27/08/2017,27/08/2017,1178,144562,30-34,M,36,40,37,24952,5,8,3,2
1121242,27/08/2017,27/08/2017,1178,144562,30-34,M,36,37,39,38900,3,6,1,0
1121243,22/08/2017,22/08/2017,1178,144562,30-34,M,36,42,42,53520,6,9,1,1
1121244,22/08/2017,22/08/2017,1178,144562,30-34,M,36,41,41,181683,20,34,2,1
1121245,22/08/2017,22/08/2017,1178,144562,30-34,M,36,37,40,29185,2,3,1,0
1121246,22/08/2017,22/08/2017,1178,144562,30-34,M,36,41,38,105047,13,20,3,1
1121250,22/08/2017,22/08/2017,1178,144565,30-34,M,63,67,64,287976,31,59,3,2
1121251,23/08/2017,23/08/2017,1178,144565,30-34,M,63,65,69,212175,22,39,2,1
1121252,23/08/2017,23/08/2017,1178,144565,30-34,M,63,69,67,11139,0,0,1,1
1121254,22/08/2017,22/08/2017,1178,144565,30-34,M,63,64,65,124005,11,22,4,1
1121255,22/08/2017,22/08/2017,1178,144565,30-34,M,63,64,67,20423,1,2,1,0
1121261,22/08/2017,22/08/2017,1178,144567,30-34,M,64,67,65,103001,14,22,1,0
1121262,30/08/2017,30/08/2017,1178,144567,30-34,M,64,66,67,447420,66,110,7,2
1121263,30/08/2017,30/08/2017,1178,144567,30-34,M,64,66,69,156101,19,30,2,2
1121264,30/08/2017,30/08/2017,1178,144567,30-34,M,64,70,67,93015,12,18,1,0
1121265,22/08/2017,22/08/2017,1178,144568,30-34,M,65,70,68,145398,23,36,1,0
1121269,22/08/2017,22/08/2017,1178,144568,30-34,M,65,67,67,296413,50,76,3,1
1121273,22/08/2017,22/08/2017,1178,144569,30-34,M,2,4,4,9370,0,0,1,1
1121274,22/08/2017,22/08/2017,1178,144569,30-34,M,2,4,7,63785,7,12,6,2
1121275,22/08/2017,22/08/2017,1178,144569,30-34,M,2,8,3,118522,14,27,2,1
1121276,22/08/2017,22/08/2017,1178,144569,30-34,M,2,5,5,240123,38,66,5,4
1121277,23/08/2017,23/08/2017,1178,144570,30-34,M,7,9,13,169108,20,32,2,1
1121278,23/08/2017,23/08/2017,1178,144570,30-34,M,7,13,10,1044442,142,246,22,8
1121279,24/08/2017,24/08/2017,1178,144570,30-34,M,7,10,13,93891,11,18,5,3
1121282,24/08/2017,24/08/2017,1178,144570,30-34,M,7,11,10,185823,25,39,4,1
1121284,24/08/2017,24/08/2017,1178,144571,30-34,M,66,68,70,175631,23,41,1,0
1121285,24/08/2017,24/08/2017,1178,144571,30-34,M,66,68,70,37187,4,6,1,0
1121286,24/08/2017,24/08/2017,1178,144571,30-34,M,66,67,69,10991,0,0,1,0
1121287,24/08/2017,24/08/2017,1178,144571,30-34,M,66,69,69,344618,51,90,3,1
1121289,24/08/2017,24/08/2017,1178,144572,35-39,M,10,14,13,98066,9,16,1,0
1121290,24/08/2017,24/08/2017,1178,144572,35-39,M,10,13,12,770749,100,189,13,3
1121291,24/08/2017,24/08/2017,1178,144572,35-39,M,10,16,14,52553,5,9,1,0
1121292,23/08/2017,23/08/2017,1178,144572,35-39,M,10,15,16,362296,39,68,7,3
1121293,23/08/2017,23/08/2017,1178,144572,35-39,M,10,16,13,427729,50,97,4,1
1121296,23/08/2017,23/08/2017,1178,144573,35-39,M,15,17,19,180351,21,37,1,1
1121297,23/08/2017,23/08/2017,1178,144573,35-39,M,15,16,16,187329,29,53,2,1
1121300,23/08/2017,23/08/2017,1178,144573,35-39,M,15,16,17,782894,118,193,5,2
1121302,23/08/2017,23/08/2017,1178,144574,35-39,M,16,17,22,1206533,128,236,17,6
1121303,23/08/2017,23/08/2017,1178,144574,35-39,M,16,19,21,84494,7,13,2,0
1121304,23/08/2017,23/08/2017,1178,144574,35-39,M,16,17,20,94257,7,13,1,1
1121309,23/08/2017,23/08/2017,1178,144575,35-39,M,18,24,20,131060,16,28,2,1
1121310,23/08/2017,23/08/2017,1178,144575,35-39,M,18,21,19,341603,50,83,4,2
1121311,30/08/2017,30/08/2017,1178,144575,35-39,M,18,20,24,140749,19,30,1,1
1121312,30/08/2017,30/08/2017,1178,144575,35-39,M,18,19,21,102525,13,20,2,1
1121316,28/08/2017,28/08/2017,1178,144576,35-39,M,19,23,23,447952,68,132,8,1
1121317,28/08/2017,28/08/2017,1178,144576,35-39,M,19,25,23,76355,9,15,2,0
1121319,28/08/2017,28/08/2017,1178,144577,35-39,M,20,26,26,256598,38,64,6,1
1121321,28/08/2017,28/08/2017,1178,144577,35-39,M,20,21,21,127476,21,30,3,2
1121322,28/08/2017,28/08/2017,1178,144577,35-39,M,20,22,24,237603,37,62,5,2
1121327,28/08/2017,28/08/2017,1178,144578,35-39,M,21,22,22,271091,42,78,3,1
1121330,28/08/2017,28/08/2017,1178,144578,35-39,M,21,23,22,21743,2,3,1,0
1121333,28/08/2017,28/08/2017,1178,144579,35-39,M,22,25,25,88970,10,15,2,0
1121334,28/08/2017,28/08/2017,1178,144579,35-39,M,22,24,26,108362,13,22,1,1
1121335,28/08/2017,28/08/2017,1178,144579,35-39,M,22,25,23,188596,27,44,3,0
1121336,27/08/2017,27/08/2017,1178,144579,35-39,M,22,24,24,275080,43,70,4,3
1121337,27/08/2017,27/08/2017,1178,144580,35-39,M,23,28,28,64647,10,16,1,0
1121338,27/08/2017,27/08/2017,1178,144580,35-39,M,23,27,24,31265,4,6,1,0
1121340,27/08/2017,27/08/2017,1178,144580,35-39,M,23,27,28,140147,24,42,2,0
1121341,27/08/2017,27/08/2017,1178,144580,35-39,M,23,26,27,223120,40,68,1,0
1121342,28/08/2017,28/08/2017,1178,144580,35-39,M,23,29,27,104869,18,34,1,0
1121344,28/08/2017,28/08/2017,1178,144581,35-39,M,24,27,27,165177,23,42,4,1
1121345,27/08/2017,27/08/2017,1178,144581,35-39,M,24,29,29,84194,11,20,1,0
1121347,27/08/2017,27/08/2017,1178,144581,35-39,M,24,25,28,220581,31,57,1,1
1121350,29/08/2017,29/08/2017,1178,144582,35-39,M,25,27,31,75804,10,17,2,1
1121352,29/08/2017,29/08/2017,1178,144582,35-39,M,25,30,29,368986,59,100,0,0
1121353,30/08/2017,30/08/2017,1178,144582,35-39,M,25,30,27,28194,3,4,2,0
1121355,29/08/2017,29/08/2017,1178,144583,35-39,M,26,29,27,99961,14,23,1,0
1121359,29/08/2017,29/08/2017,1178,144583,35-39,M,26,28,27,7573,0,0,1,0
1121361,30/08/2017,30/08/2017,1178,144584,35-39,M,27,28,33,685781,103,178,10,1
1121364,30/08/2017,30/08/2017,1178,144584,35-39,M,27,30,28,274222,43,67,2,1
1121365,30/08/2017,30/08/2017,1178,144584,35-39,M,27,33,31,110503,25,33,4,0
1121367,30/08/2017,30/08/2017,1178,144585,35-39,M,28,31,29,1447755,233,421,11,8
1121368,30/08/2017,30/08/2017,1178,144585,35-39,M,28,33,31,358987,52,88,1,0
1121369,30/08/2017,30/08/2017,1178,144585,35-39,M,28,33,31,826205,125,232,5,1
1121370,29/08/2017,29/08/2017,1178,144585,35-39,M,28,33,32,550954,84,150,3,0
1121372,29/08/2017,29/08/2017,1178,144585,35-39,M,28,34,34,378350,55,96,4,0
1121373,29/08/2017,29/08/2017,1178,144586,35-39,M,29,32,33,492784,56,96,7,4
1121374,29/08/2017,29/08/2017,1178,144586,35-39,M,29,34,35,327158,43,72,6,2
1121375,29/08/2017,29/08/2017,1178,144586,35-39,M,29,31,35,9921,0,0,1,0
1121377,29/08/2017,29/08/2017,1178,144586,35-39,M,29,34,30,59390,5,9,5,3
1121378,29/08/2017,29/08/2017,1178,144586,35-39,M,29,33,33,1040330,147,254,13,2
1121379,29/08/2017,29/08/2017,1178,144587,35-39,M,30,31,35,49422,6,11,1,0
1121380,29/08/2017,29/08/2017,1178,144587,35-39,M,30,35,32,131091,18,34,3,1
1121381,29/08/2017,29/08/2017,1178,144587,35-39,M,30,31,36,95691,15,25,1,1
1121390,29/08/2017,29/08/2017,1178,144588,35-39,M,31,32,36,15513,1,1,1,0
1121391,20/08/2017,20/08/2017,1178,144589,35-39,M,32,33,33,382537,63,114,4,3
1121394,20/08/2017,20/08/2017,1178,144589,35-39,M,32,37,33,461356,64,121,6,3
1121395,23/08/2017,23/08/2017,1178,144589,35-39,M,32,38,34,392541,53,99,3,2
1121398,23/08/2017,23/08/2017,1178,144590,35-39,M,36,39,38,35088,5,9,1,1
1121400,23/08/2017,23/08/2017,1178,144590,35-39,M,36,38,41,53933,6,10,3,1
1121403,24/08/2017,24/08/2017,1178,144591,35-39,M,63,65,68,228861,33,53,4,2
1121405,24/08/2017,24/08/2017,1178,144591,35-39,M,63,66,69,20959,2,4,1,1
1121410,24/08/2017,24/08/2017,1178,144592,35-39,M,64,68,70,24992,2,3,1,0
1121411,24/08/2017,24/08/2017,1178,144592,35-39,M,64,70,65,100351,15,24,2,1
1121412,24/08/2017,24/08/2017,1178,144592,35-39,M,64,68,70,292448,43,77,2,1
1121413,23/08/2017,23/08/2017,1178,144592,35-39,M,64,67,69,65060,7,15,1,1
1121414,23/08/2017,23/08/2017,1178,144592,35-39,M,64,70,66,133316,21,36,2,0
1121415,23/08/2017,23/08/2017,1178,144593,35-39,M,65,66,71,113501,26,38,5,4
1121418,23/08/2017,23/08/2017,1178,144593,35-39,M,65,71,70,192810,41,62,4,3
1121421,21/08/2017,21/08/2017,1178,144594,35-39,M,2,8,6,233404,43,70,2,1
1121422,23/08/2017,23/08/2017,1178,144594,35-39,M,2,7,7,128843,24,38,2,0
1121423,23/08/2017,23/08/2017,1178,144594,35-39,M,2,5,7,63564,12,21,2,0
1121425,23/08/2017,23/08/2017,1178,144594,35-39,M,2,8,7,85970,14,25,1,1
1121428,23/08/2017,23/08/2017,1178,144595,35-39,M,7,9,13,131232,16,30,1,1
1121429,23/08/2017,23/08/2017,1178,144595,35-39,M,7,13,9,152454,22,38,1,1
1121430,23/08/2017,23/08/2017,1178,144595,35-39,M,7,10,9,28989,2,2,1,0
1121433,24/08/2017,24/08/2017,1178,144596,35-39,M,66,69,72,80248,15,24,1,1
1121437,24/08/2017,24/08/2017,1178,144596,35-39,M,66,68,68,38580,5,9,1,0
1121439,25/08/2017,25/08/2017,1178,144597,40-44,M,10,11,15,621591,91,163,5,1
1121440,25/08/2017,25/08/2017,1178,144597,40-44,M,10,15,11,250499,36,58,3,1
1121442,25/08/2017,25/08/2017,1178,144597,40-44,M,10,15,14,131637,18,29,2,1
1121443,25/08/2017,25/08/2017,1178,144597,40-44,M,10,12,15,463813,69,116,4,2
1121444,25/08/2017,25/08/2017,1178,144597,40-44,M,10,13,12,211767,35,61,5,1
1121446,25/08/2017,25/08/2017,1178,144598,40-44,M,15,17,17,163181,26,40,1,1
1121451,25/08/2017,25/08/2017,1178,144599,40-44,M,16,20,18,1117385,147,260,11,2
1121452,25/08/2017,25/08/2017,1178,144599,40-44,M,16,21,22,1663441,205,359,17,6
1121453,25/08/2017,25/08/2017,1178,144599,40-44,M,16,18,17,455248,54,106,5,2
1121454,25/08/2017,25/08/2017,1178,144599,40-44,M,16,22,20,75589,6,11,1,1
1121455,24/08/2017,24/08/2017,1178,144599,40-44,M,16,21,22,594267,82,143,3,2
1121456,24/08/2017,24/08/2017,1178,144599,40-44,M,16,22,22,315281,35,65,1,0
1121464,24/08/2017,24/08/2017,1178,144601,40-44,M,19,23,25,363456,71,118,7,1
1121466,24/08/2017,24/08/2017,1178,144601,40-44,M,19,23,25,438983,81,143,3,1
1121467,24/08/2017,24/08/2017,1178,144601,40-44,M,19,20,24,42563,5,10,1,1
1121469,25/08/2017,25/08/2017,1178,144602,40-44,M,20,26,21,399035,75,125,7,3
1121471,24/08/2017,24/08/2017,1178,144602,40-44,M,20,21,26,304680,59,99,3,0
1121472,24/08/2017,24/08/2017,1178,144602,40-44,M,20,21,25,140596,23,41,1,0
1121473,24/08/2017,24/08/2017,1178,144602,40-44,M,20,25,22,439986,80,135,4,3
1121474,21/08/2017,21/08/2017,1178,144602,40-44,M,20,26,26,75803,11,19,2,2
1121477,21/08/2017,21/08/2017,1178,144603,40-44,M,21,27,22,7073,0,0,1,0
1121481,19/08/2017,19/08/2017,1178,144604,40-44,M,22,27,25,153586,28,43,2,0
1121482,19/08/2017,19/08/2017,1178,144604,40-44,M,22,24,24,180815,31,43,1,0
1121483,19/08/2017,19/08/2017,1178,144604,40-44,M,22,26,23,253169,51,76,1,0
1121484,19/08/2017,19/08/2017,1178,144604,40-44,M,22,28,27,34453,5,8,1,1
1121487,19/08/2017,19/08/2017,1178,144605,40-44,M,23,25,26,51550,8,14,1,0
1121489,19/08/2017,19/08/2017,1178,144605,40-44,M,23,28,24,110018,24,40,1,0
1121493,19/08/2017,19/08/2017,1178,144606,40-44,M,24,28,30,137584,21,37,1,0
1121497,19/08/2017,19/08/2017,1178,144606,40-44,M,24,25,27,209825,30,55,1,0
1121499,19/08/2017,19/08/2017,1178,144607,40-44,M,25,27,31,264222,63,88,1,1
1121510,19/08/2017,19/08/2017,1178,144608,40-44,M,26,30,31,31202,5,7,1,0
1121511,18/08/2017,18/08/2017,1178,144609,40-44,M,27,29,32,252991,49,77,3,0
1121514,18/08/2017,18/08/2017,1178,144609,40-44,M,27,31,30,56265,9,16,1,0
1121523,18/08/2017,18/08/2017,1178,144611,40-44,M,29,32,34,76923,11,18,2,2
1121524,18/08/2017,18/08/2017,1178,144611,40-44,M,29,30,35,209332,30,50,3,1
1121525,18/08/2017,18/08/2017,1178,144611,40-44,M,29,32,33,214094,31,53,1,0
1121526,19/08/2017,19/08/2017,1178,144611,40-44,M,29,35,32,526209,85,127,3,2
1121527,19/08/2017,19/08/2017,1178,144611,40-44,M,29,35,35,741143,120,180,4,1
1121528,19/08/2017,19/08/2017,1178,144611,40-44,M,29,33,31,172827,25,38,2,0
1121530,19/08/2017,19/08/2017,1178,144612,40-44,M,30,36,33,188873,38,59,1,1
1121532,19/08/2017,19/08/2017,1178,144612,40-44,M,30,35,32,123126,25,40,2,1
1121535,20/08/2017,20/08/2017,1178,144613,40-44,M,31,33,32,77794,14,19,1,1
1121541,21/08/2017,21/08/2017,1178,144614,40-44,M,32,33,37,56630,9,16,1,1
1121544,21/08/2017,21/08/2017,1178,144614,40-44,M,32,33,36,400844,85,141,4,2
1121545,20/08/2017,20/08/2017,1178,144614,40-44,M,32,33,35,208572,36,61,2,1
1121548,21/08/2017,21/08/2017,1178,144615,40-44,M,36,38,37,59004,8,14,1,0
1121551,21/08/2017,21/08/2017,1178,144615,40-44,M,36,40,39,196253,32,55,1,0
1121554,21/08/2017,21/08/2017,1178,144616,40-44,M,63,64,66,51858,8,13,1,1
1121557,21/08/2017,21/08/2017,1178,144616,40-44,M,63,68,64,280764,49,81,2,1
1121561,21/08/2017,21/08/2017,1178,144617,40-44,M,64,69,70,63660,11,16,1,1
1121562,20/08/2017,20/08/2017,1178,144617,40-44,M,64,65,67,109289,19,31,1,0
1121568,20/08/2017,20/08/2017,1178,144618,40-44,M,65,70,70,188440,40,61,2,1
1121571,20/08/2017,20/08/2017,1178,144619,40-44,M,2,3,5,212496,44,75,2,1
1121572,20/08/2017,20/08/2017,1178,144619,40-44,M,2,6,3,32574,5,7,1,0
1121575,20/08/2017,20/08/2017,1178,144619,40-44,M,2,4,5,128595,23,36,1,1
1121577,20/08/2017,20/08/2017,1178,144620,40-44,M,7,9,11,242234,48,68,2,0
1121584,20/08/2017,20/08/2017,1178,144621,40-44,M,66,67,67,33154,5,8,1,1
1121585,20/08/2017,20/08/2017,1178,144621,40-44,M,66,72,68,9773,1,1,1,0
1121589,20/08/2017,20/08/2017,1178,144622,45-49,M,10,16,11,464036,77,124,3,1
1121590,20/08/2017,20/08/2017,1178,144623,45-49,M,10,16,15,478480,75,136,3,1
1121592,20/08/2017,20/08/2017,1178,144624,45-49,M,10,14,11,428812,66,117,4,
1121593,26/08/2017,26/08/2017,1178,144625,45-49,M,10,16,16,1177535,221,366,15,3
1121594,26/08/2017,26/08/2017,1178,144626,45-49,M,10,14,14,426500,72,128,4,1
1121597,30/08/2017,30/08/2017,1178,144627,45-49,M,15,21,19,54237,7,11,2,1
1121598,30/08/2017,30/08/2017,1178,144628,45-49,M,15,19,18,506916,89,134,2,2
1121599,30/08/2017,30/08/2017,1178,144629,45-49,M,15,17,18,250960,42,65,2,0
1121601,30/08/2017,30/08/2017,1178,144630,45-49,M,16,20,18,2286228,353,603,16,7
1121602,30/08/2017,30/08/2017,1178,144631,45-49,M,16,21,20,915451,125,221,6,1
1121603,30/08/2017,30/08/2017,1178,144632,45-49,M,16,21,17,159478,20,34,3,1
1121605,30/08/2017,30/08/2017,1178,144633,45-49,M,16,20,17,1228924,190,319,6,3
1121606,30/08/2017,30/08/2017,1178,144634,45-49,M,16,22,17,938283,134,249,7,2
1121607,30/08/2017,30/08/2017,1178,144635,45-49,M,18,24,23,154572,26,41,1,1
1121609,30/08/2017,30/08/2017,1178,144636,45-49,M,18,19,19,378171,70,109,1,0
1121612,29/08/2017,29/08/2017,1178,144637,45-49,M,18,19,22,468749,84,134,6,1
1121613,29/08/2017,29/08/2017,1178,144638,45-49,M,19,25,25,309823,60,103,4,4
1121615,29/08/2017,29/08/2017,1178,144639,45-49,M,19,21,25,327227,65,117,5,0
1121616,29/08/2017,29/08/2017,1178,144640,45-49,M,19,23,24,334945,72,120,2,1
1121617,29/08/2017,29/08/2017,1178,144641,45-49,M,19,23,22,68859,15,25,1,0
1121619,30/08/2017,30/08/2017,1178,144642,45-49,M,20,22,26,127125,20,36,2,0
1121620,30/08/2017,30/08/2017,1178,144643,45-49,M,20,21,24,415798,80,132,3,1
1121622,30/08/2017,30/08/2017,1178,144644,45-49,M,20,22,23,107671,20,30,1,1
1121623,29/08/2017,29/08/2017,1178,144645,45-49,M,20,24,22,164356,28,47,2,1
1121624,30/08/2017,30/08/2017,1178,144646,45-49,M,20,26,25,17662,2,3,1,0
1121627,30/08/2017,30/08/2017,1178,144647,45-49,M,21,27,27,65339,10,17,2,0
1121628,19/08/2017,19/08/2017,1178,144648,45-49,M,21,25,22,59838,7,11,1,0
1121629,19/08/2017,19/08/2017,1178,144649,45-49,M,21,24,23,381577,81,128,2,0
1121635,19/08/2017,19/08/2017,1178,144650,45-49,M,22,24,27,45491,8,11,1,0
1121638,19/08/2017,19/08/2017,1178,144651,45-49,M,23,28,29,18946,2,4,1,0
1121641,19/08/2017,19/08/2017,1178,144652,45-49,M,23,29,29,114370,18,34,1,0
1121642,19/08/2017,19/08/2017,1178,144653,45-49,M,23,26,29,99698,21,33,1,0
1121644,19/08/2017,19/08/2017,1178,144654,45-49,M,24,26,25,355165,81,129,4,3
1121650,19/08/2017,19/08/2017,1178,144655,45-49,M,25,26,29,101431,23,34,1,1
1121652,18/08/2017,18/08/2017,1178,144656,45-49,M,25,30,29,123151,24,36,2,1
1121660,18/08/2017,18/08/2017,1178,144657,45-49,M,26,30,29,24078,4,6,1,0
1121661,18/08/2017,18/08/2017,1178,144658,45-49,M,27,33,30,517801,105,182,3,0
1121662,18/08/2017,18/08/2017,1178,144659,45-49,M,27,28,32,145104,25,41,2,1
1121664,18/08/2017,18/08/2017,1178,144660,45-49,M,27,31,28,179950,35,59,1,0
1121665,18/08/2017,18/08/2017,1178,144661,45-49,M,27,31,31,258531,46,80,2,0
1121666,18/08/2017,18/08/2017,1178,144662,45-49,M,27,31,29,272500,62,104,3,0
1121667,18/08/2017,18/08/2017,1178,144663,45-49,M,28,31,32,273197,57,88,3,0
1121668,18/08/2017,18/08/2017,1178,144664,45-49,M,28,30,34,775904,172,254,4,2
1121669,18/08/2017,18/08/2017,1178,144665,45-49,M,28,33,33,120251,26,39,1,0
1121671,18/08/2017,18/08/2017,1178,144666,45-49,M,28,29,32,139406,24,39,1,0
1121672,29/08/2017,29/08/2017,1178,144667,45-49,M,28,32,31,60314,11,17,2,1
1121673,29/08/2017,29/08/2017,1178,144668,45-49,M,29,34,30,563074,86,143,4,2
1121674,27/08/2017,27/08/2017,1178,144669,45-49,M,29,30,30,168655,18,27,2,0
1121675,27/08/2017,27/08/2017,1178,144670,45-49,M,29,34,31,111963,17,29,2,1
1121676,27/08/2017,27/08/2017,1178,144671,45-49,M,29,32,30,1026304,168,278,17,8
1121677,27/08/2017,27/08/2017,1178,144672,45-49,M,29,35,34,1391924,258,423,17,10
1121678,27/08/2017,27/08/2017,1178,144673,45-49,M,29,33,33,147551,22,39,1,0
1121685,27/08/2017,27/08/2017,1178,144674,45-49,M,31,36,36,66794,9,17,1,1
1121687,27/08/2017,27/08/2017,1178,144675,45-49,M,31,37,36,118882,19,32,2,1
1121689,27/08/2017,27/08/2017,1178,144676,45-49,M,31,37,35,148010,24,42,1,0
1121691,26/08/2017,26/08/2017,1178,144677,45-49,M,32,34,33,932890,197,352,3,1
1121692,26/08/2017,26/08/2017,1178,144678,45-49,M,32,34,37,718359,147,265,4,1
1121693,26/08/2017,26/08/2017,1178,144679,45-49,M,32,35,35,433658,82,159,5,2
1121695,26/08/2017,26/08/2017,1178,144680,45-49,M,32,34,38,29455,3,5,1,0
1121701,26/08/2017,26/08/2017,1178,144681,45-49,M,36,38,38,23973,3,5,1,1
1121705,26/08/2017,26/08/2017,1178,144682,45-49,M,63,68,67,126480,25,37,1,1
1121706,26/08/2017,26/08/2017,1178,144683,45-49,M,63,64,67,138959,28,40,1,0
1121708,26/08/2017,26/08/2017,1178,144684,45-49,M,63,65,68,68829,12,19,1,0
1121711,26/08/2017,26/08/2017,1178,144685,45-49,M,64,69,65,49916,10,16,1,1
1121716,26/08/2017,26/08/2017,1178,144686,45-49,M,65,67,67,76014,16,23,1,1
1121723,26/08/2017,26/08/2017,1178,144687,45-49,M,2,5,4,50947,10,16,1,0
1121733,27/08/2017,27/08/2017,1178,144688,45-49,M,66,71,70,55536,11,17,1,0
1121741,27/08/2017,27/08/2017,1178,144689,30-34,F,10,13,14,318042,46,64,8,4
1121742,28/08/2017,28/08/2017,1178,144690,30-34,F,10,14,11,213016,30,44,8,2
1121745,28/08/2017,28/08/2017,1178,144691,30-34,F,15,19,16,182265,27,38,2,1
1121746,28/08/2017,28/08/2017,1178,144692,30-34,F,15,17,18,1117371,177,268,26,5
1121749,28/08/2017,28/08/2017,1178,144693,30-34,F,15,17,17,333345,52,78,5,1
1121751,29/08/2017,29/08/2017,1178,144694,30-34,F,16,17,21,275930,30,47,5,2
1121753,29/08/2017,29/08/2017,1178,144695,30-34,F,16,20,19,740631,101,153,9,1
1121754,29/08/2017,29/08/2017,1178,144696,30-34,F,16,17,17,328272,35,56,2,1
1121755,29/08/2017,29/08/2017,1178,144697,30-34,F,16,20,21,178455,20,32,6,3
1121756,29/08/2017,29/08/2017,1178,144698,30-34,F,16,18,19,705712,98,147,6,1
1121758,28/08/2017,28/08/2017,1178,144699,30-34,F,18,19,20,690373,91,160,5,2
1121759,28/08/2017,28/08/2017,1178,144700,30-34,F,18,21,19,515812,69,118,3,1
1121760,28/08/2017,28/08/2017,1178,144701,30-34,F,18,21,21,764793,101,172,4,2
1121763,28/08/2017,28/08/2017,1178,144702,30-34,F,19,22,23,87832,11,18,1,1
1121764,28/08/2017,28/08/2017,1178,144703,30-34,F,19,22,23,23368,3,4,1,0
1121765,28/08/2017,28/08/2017,1178,144704,30-34,F,19,24,23,51509,7,12,1,0
1121767,28/08/2017,28/08/2017,1178,144705,30-34,F,19,20,23,87043,16,24,2,0
1121768,28/08/2017,28/08/2017,1178,144706,30-34,F,19,20,25,565565,113,170,7,4
1121769,28/08/2017,28/08/2017,1178,144707,30-34,F,20,26,26,253758,43,62,4,1
1121773,28/08/2017,28/08/2017,1178,144708,30-34,F,20,22,21,319131,51,77,6,1
1121774,28/08/2017,28/08/2017,1178,144709,30-34,F,20,22,21,670608,130,195,11,3
1121775,18/08/2017,18/08/2017,1178,144710,30-34,F,21,24,25,159123,25,38,5,3
1121776,18/08/2017,18/08/2017,1178,144711,30-34,F,21,23,22,103709,15,25,3,1
1121779,22/08/2017,22/08/2017,1178,144712,30-34,F,21,27,23,271589,45,74,9,3
1121780,22/08/2017,22/08/2017,1178,144713,30-34,F,21,25,22,119772,20,33,5,2
1121782,21/08/2017,21/08/2017,1178,144714,30-34,F,22,23,23,26340,3,4,1,1
1121783,22/08/2017,22/08/2017,1178,144715,30-34,F,22,27,28,594968,111,148,4,0
1121791,22/08/2017,22/08/2017,1178,144716,30-34,F,23,25,24,6838,0,0,1,0
1121793,22/08/2017,22/08/2017,1178,144717,30-34,F,24,30,25,185665,39,62,1,0
1121795,22/08/2017,22/08/2017,1178,144718,30-34,F,24,29,25,24959,3,5,1,1
1121796,22/08/2017,22/08/2017,1178,144719,30-34,F,24,28,27,136967,23,35,3,1
1121798,21/08/2017,21/08/2017,1178,144720,30-34,F,24,26,26,107548,19,29,1,0
1121803,21/08/2017,21/08/2017,1178,144721,30-34,F,25,31,28,588617,119,170,2,0
1121806,20/08/2017,20/08/2017,1178,144722,30-34,F,26,31,30,190560,26,42,3,1
1121807,20/08/2017,20/08/2017,1178,144723,30-34,F,26,30,32,373110,49,76,4,2
1121812,20/08/2017,20/08/2017,1178,144724,30-34,F,27,33,29,935646,170,256,19,6
1121814,21/08/2017,21/08/2017,1178,144725,30-34,F,27,28,31,2223278,421,612,38,13
1121815,21/08/2017,21/08/2017,1178,144726,30-34,F,27,33,28,240497,36,52,1,0
1121816,21/08/2017,21/08/2017,1178,144727,30-34,F,27,30,30,259984,37,55,5,0
1121817,21/08/2017,21/08/2017,1178,144728,30-34,F,28,31,29,606786,127,179,11,3
1121818,21/08/2017,21/08/2017,1178,144729,30-34,F,28,31,34,83270,13,18,1,0
1121819,21/08/2017,21/08/2017,1178,144730,30-34,F,28,34,29,1189509,268,376,7,3
1121820,22/08/2017,22/08/2017,1178,144731,30-34,F,28,29,32,11471,1,2,0,0
1121824,22/08/2017,22/08/2017,1178,144732,30-34,F,29,35,34,1705246,295,429,23,10
1121826,23/08/2017,23/08/2017,1178,144733,30-34,F,29,31,30,418016,63,96,3,1
1121827,23/08/2017,23/08/2017,1178,144734,30-34,F,29,31,30,30155,3,4,1,0
1121828,23/08/2017,23/08/2017,1178,144735,30-34,F,29,33,33,990404,153,227,12,6
1121829,24/08/2017,24/08/2017,1178,144736,30-34,F,30,35,35,187468,34,51,2,1
1121832,24/08/2017,24/08/2017,1178,144737,30-34,F,30,36,36,208301,33,55,1,0
1121833,24/08/2017,24/08/2017,1178,144738,30-34,F,30,36,36,101856,16,25,4,1
1121835,24/08/2017,24/08/2017,1178,144739,30-34,F,31,35,36,48935,7,10,1,1
1121839,24/08/2017,24/08/2017,1178,144740,30-34,F,31,33,34,13911,1,2,1,1
1121841,23/08/2017,23/08/2017,1178,144741,30-34,F,32,38,34,511726,77,123,8,4
1121843,23/08/2017,23/08/2017,1178,144742,30-34,F,32,38,37,177452,24,38,2,0
1121844,23/08/2017,23/08/2017,1178,144743,30-34,F,32,38,36,149808,20,33,1,1
1121845,22/08/2017,22/08/2017,1178,144744,30-34,F,32,34,38,390339,60,105,9,6
1121846,22/08/2017,22/08/2017,1178,144745,30-34,F,32,37,34,8350,0,0,1,0
1121847,23/08/2017,23/08/2017,1178,144746,30-34,F,36,38,37,39339,4,6,1,0
1121854,23/08/2017,23/08/2017,1178,144747,30-34,F,63,65,64,8587,0,0,1,0
1121855,23/08/2017,23/08/2017,1178,144748,30-34,F,63,67,65,24893,2,4,1,0
1121856,23/08/2017,23/08/2017,1178,144749,30-34,F,63,64,64,1296189,212,343,14,4
1121857,23/08/2017,23/08/2017,1178,144750,30-34,F,63,65,65,91607,12,19,2,1
1121859,23/08/2017,23/08/2017,1178,144751,30-34,F,64,67,67,238036,38,61,6,3
1121860,20/08/2017,20/08/2017,1178,144752,30-34,F,64,67,68,254344,35,56,2,1
1121861,20/08/2017,20/08/2017,1178,144753,30-34,F,64,66,69,157705,23,39,2,0
1121862,17/08/2017,17/08/2017,1178,144754,30-34,F,64,67,69,411571,60,99,6,1
1121863,17/08/2017,17/08/2017,1178,144755,30-34,F,64,69,70,94136,11,16,1,0
1121867,17/08/2017,17/08/2017,1178,144756,30-34,F,65,69,71,82640,16,24,1,1
1121869,18/08/2017,18/08/2017,1178,144757,30-34,F,65,69,68,17870,2,3,1,1
1121871,18/08/2017,18/08/2017,1178,144758,30-34,F,2,8,7,19178,2,3,1,1
1121873,18/08/2017,18/08/2017,1178,144759,30-34,F,2,6,7,5264,0,0,1,0
1121874,18/08/2017,18/08/2017,1178,144760,30-34,F,2,8,4,145548,28,42,2,1
1121876,18/08/2017,18/08/2017,1178,144761,30-34,F,2,6,8,82455,15,22,1,0
1121877,17/08/2017,17/08/2017,1178,144762,30-34,F,7,10,9,44189,7,10,2,0
1121878,17/08/2017,17/08/2017,1178,144763,30-34,F,7,8,8,45199,7,10,1,0
1121881,30/08/2017,30/08/2017,1178,144764,30-34,F,7,8,13,221843,43,63,5,0
1121888,30/08/2017,30/08/2017,1178,144765,30-34,F,66,72,69,41672,6,11,2,1
1121889,30/08/2017,30/08/2017,1178,144766,35-39,F,10,15,13,127546,25,39,2,0
1121890,17/08/2017,17/08/2017,1178,144767,35-39,F,10,16,15,127865,28,38,3,1
1121891,17/08/2017,17/08/2017,1178,144768,35-39,F,10,15,13,1025327,229,314,16,2
1121894,17/08/2017,17/08/2017,1178,144769,35-39,F,10,14,14,561415,124,174,3,0
1121895,17/08/2017,17/08/2017,1178,144770,35-39,F,15,21,21,132803,25,37,2,1
1121897,17/08/2017,17/08/2017,1178,144771,35-39,F,15,18,17,24664,2,3,1,1
1121901,17/08/2017,17/08/2017,1178,144772,35-39,F,16,17,21,1020561,172,264,7,3
1121902,18/08/2017,18/08/2017,1178,144773,35-39,F,16,17,22,682143,114,177,6,2
1121903,18/08/2017,18/08/2017,1178,144774,35-39,F,16,18,18,1247717,222,343,11,4
1121904,19/08/2017,19/08/2017,1178,144775,35-39,F,16,21,18,146406,23,33,1,1
1121905,19/08/2017,19/08/2017,1178,144776,35-39,F,16,17,21,905699,161,235,4,1
1121906,19/08/2017,19/08/2017,1178,144777,35-39,F,16,21,17,1184580,194,298,14,3
1121907,20/08/2017,20/08/2017,1178,144778,35-39,F,18,22,19,98057,20,31,1,1
1121917,20/08/2017,20/08/2017,1178,144779,35-39,F,19,22,24,238735,56,85,4,1
1121918,20/08/2017,20/08/2017,1178,144780,35-39,F,19,23,25,320657,77,116,2,0
1121925,20/08/2017,20/08/2017,1178,144781,35-39,F,21,27,23,244074,57,85,4,2
1121928,20/08/2017,20/08/2017,1178,144782,35-39,F,21,27,24,39146,8,13,1,0
1121931,20/08/2017,20/08/2017,1178,144783,35-39,F,22,26,23,78468,15,24,1,0
1121933,19/08/2017,19/08/2017,1178,144784,35-39,F,22,24,26,325653,63,89,2,0
1121935,19/08/2017,19/08/2017,1178,144785,35-39,F,22,25,23,66277,12,17,1,0
1121936,18/08/2017,18/08/2017,1178,144786,35-39,F,22,26,25,93002,16,23,1,0
1121944,18/08/2017,18/08/2017,1178,144787,35-39,F,24,25,29,109723,27,41,1,0
1121948,18/08/2017,18/08/2017,1178,144788,35-39,F,24,27,28,118941,35,50,4,1
1121949,19/08/2017,19/08/2017,1178,144789,35-39,F,25,27,27,221576,47,67,6,1
1121953,19/08/2017,19/08/2017,1178,144790,35-39,F,25,29,27,8341,1,2,1,0
1121954,19/08/2017,19/08/2017,1178,144791,35-39,F,25,30,27,120335,26,36,2,0
1121955,19/08/2017,19/08/2017,1178,144792,35-39,F,26,28,31,182098,40,63,1,1
1121956,19/08/2017,19/08/2017,1178,144793,35-39,F,26,31,28,227473,52,72,1,1
1121962,19/08/2017,19/08/2017,1178,144794,35-39,F,27,30,32,1050947,230,351,6,1
1121963,24/08/2017,24/08/2017,1178,144795,35-39,F,27,32,28,720859,162,214,13,5
1121971,24/08/2017,24/08/2017,1178,144796,35-39,F,28,31,32,41111,8,11,1,0
1121973,30/08/2017,30/08/2017,1178,144797,35-39,F,29,31,34,148616,25,37,6,4
1121976,30/08/2017,30/08/2017,1178,144798,35-39,F,29,34,34,707260,135,211,13,6
1121977,30/08/2017,30/08/2017,1178,144799,35-39,F,29,32,32,139596,26,42,1,1
1121983,30/08/2017,30/08/2017,1178,144800,35-39,F,30,34,31,105399,22,33,2,0
1121994,30/08/2017,30/08/2017,1178,144801,35-39,F,32,33,34,222378,50,73,1,0
1122003,17/08/2017,17/08/2017,1178,144802,35-39,F,63,69,68,975792,210,294,10,4
1122004,30/08/2017,30/08/2017,1178,144803,35-39,F,63,65,67,579150,125,167,5,1
1122005,30/08/2017,30/08/2017,1178,144804,35-39,F,63,65,69,449588,81,124,5,2
1122006,30/08/2017,30/08/2017,1178,144805,35-39,F,63,68,65,318157,56,86,3,0
1122007,30/08/2017,30/08/2017,1178,144806,35-39,F,63,65,64,196967,43,65,2,1
1122011,29/08/2017,29/08/2017,1178,144807,35-39,F,64,70,67,158298,37,46,4,1
1122012,29/08/2017,29/08/2017,1178,144808,35-39,F,64,67,69,222739,55,69,5,2
1122022,29/08/2017,29/08/2017,1178,144809,35-39,F,2,4,3,20780,5,8,1,0
1122027,29/08/2017,29/08/2017,1178,144810,35-39,F,7,9,8,128616,33,49,2,0
1122039,29/08/2017,29/08/2017,1178,144811,40-44,F,10,12,15,258954,61,82,1,0
1122040,30/08/2017,30/08/2017,1178,144812,40-44,F,10,15,11,205289,48,72,3,0
1122041,30/08/2017,30/08/2017,1178,144813,40-44,F,10,13,12,611601,138,191,8,3
1122043,30/08/2017,30/08/2017,1178,144814,40-44,F,10,13,14,947657,233,322,8,4
1122044,29/08/2017,29/08/2017,1178,144815,40-44,F,10,16,14,233043,49,65,2,0
1122047,17/08/2017,17/08/2017,1178,144816,40-44,F,15,18,21,582725,142,195,9,2
1122052,17/08/2017,17/08/2017,1178,144817,40-44,F,16,20,19,265038,51,78,2,1
1122054,18/08/2017,18/08/2017,1178,144818,40-44,F,16,20,18,222273,39,54,6,1
1122055,18/08/2017,18/08/2017,1178,144819,40-44,F,16,22,19,797234,170,244,4,1
1122056,17/08/2017,17/08/2017,1178,144820,40-44,F,16,19,21,925555,182,263,4,2
1122058,18/08/2017,18/08/2017,1178,144821,40-44,F,18,19,24,22210,3,4,1,1
1122075,18/08/2017,18/08/2017,1178,144822,40-44,F,21,25,23,46391,11,16,3,1
1122078,18/08/2017,18/08/2017,1178,144823,40-44,F,21,27,25,190477,42,66,1,0
1122079,18/08/2017,18/08/2017,1178,144824,40-44,F,21,24,27,25382,7,10,1,0
1122085,18/08/2017,18/08/2017,1178,144825,40-44,F,22,26,25,65726,17,22,2,0
1122089,17/08/2017,17/08/2017,1178,144826,40-44,F,23,25,29,195220,51,78,1,0
1122092,17/08/2017,17/08/2017,1178,144827,40-44,F,23,25,26,107501,27,41,2,2
1122101,17/08/2017,17/08/2017,1178,144828,40-44,F,25,26,30,197772,63,88,7,2
1122102,17/08/2017,17/08/2017,1178,144829,40-44,F,25,30,29,138154,35,49,1,0
1122103,17/08/2017,17/08/2017,1178,144830,40-44,F,25,26,30,270124,69,96,2,0
1122105,17/08/2017,17/08/2017,1178,144831,40-44,F,26,28,27,303971,77,107,11,6
1122107,17/08/2017,17/08/2017,1178,144832,40-44,F,26,30,29,682046,183,254,4,2
1122109,17/08/2017,17/08/2017,1178,144833,40-44,F,26,27,28,328365,83,117,2,1
1122112,17/08/2017,17/08/2017,1178,144834,40-44,F,27,31,33,1083259,276,390,11,0
1122113,17/08/2017,17/08/2017,1178,144835,40-44,F,27,33,28,913929,245,340,7,2
1122118,17/08/2017,17/08/2017,1178,144836,40-44,F,28,31,33,101586,24,33,2,1
1122120,29/08/2017,29/08/2017,1178,144837,40-44,F,28,30,32,181053,46,66,3,1
1122121,29/08/2017,29/08/2017,1178,144838,40-44,F,28,30,34,133419,35,48,2,1
1122125,26/08/2017,26/08/2017,1178,144839,40-44,F,29,34,32,489573,113,156,3,2
1122127,26/08/2017,26/08/2017,1178,144840,40-44,F,29,32,31,822023,194,288,6,0
1122131,26/08/2017,26/08/2017,1178,144841,40-44,F,30,32,35,93176,29,40,1,1
1122138,26/08/2017,26/08/2017,1178,144842,40-44,F,31,32,37,47229,13,19,1,0
1122139,26/08/2017,26/08/2017,1178,144843,40-44,F,31,36,32,92263,24,34,1,0
1122140,26/08/2017,26/08/2017,1178,144844,40-44,F,31,35,35,81551,21,30,1,0
1122145,26/08/2017,26/08/2017,1178,144845,40-44,F,32,35,34,141037,32,48,3,0
1122146,26/08/2017,26/08/2017,1178,144846,40-44,F,32,38,37,319501,79,112,0,0
1122149,26/08/2017,26/08/2017,1178,144847,40-44,F,36,41,37,72741,19,24,2,0
1122154,25/08/2017,25/08/2017,1178,144848,40-44,F,63,66,68,597419,135,189,2,1
1122157,25/08/2017,25/08/2017,1178,144849,40-44,F,63,69,66,98768,21,33,1,1
1122160,24/08/2017,24/08/2017,1178,144850,40-44,F,64,69,67,173165,41,60,1,0
1122165,24/08/2017,24/08/2017,1178,144851,40-44,F,65,68,69,55823,13,21,1,1
1122166,25/08/2017,25/08/2017,1178,144852,40-44,F,65,66,68,118451,28,38,4,1
1122176,25/08/2017,25/08/2017,1178,144853,40-44,F,2,6,8,74424,22,31,1,1
1122177,25/08/2017,25/08/2017,1178,144854,40-44,F,7,10,12,47929,12,15,1,1
1122182,25/08/2017,25/08/2017,1178,144855,40-44,F,7,10,8,40801,12,16,0,0
1122183,25/08/2017,25/08/2017,1178,144856,40-44,F,66,71,67,66017,17,24,1,0
1122189,25/08/2017,25/08/2017,1178,144857,45-49,F,10,16,14,725043,179,238,5,3
1122191,27/08/2017,27/08/2017,1178,144858,45-49,F,10,16,16,382776,97,133,5,1
1122192,27/08/2017,27/08/2017,1178,144859,45-49,F,10,16,13,548250,137,202,5,1
1122193,28/08/2017,28/08/2017,1178,144860,45-49,F,10,11,15,1358324,346,465,8,2
1122197,28/08/2017,28/08/2017,1178,144861,45-49,F,15,16,20,662249,163,235,2,0
1122200,28/08/2017,28/08/2017,1178,144862,45-49,F,15,16,16,559554,139,195,2,0
1122201,28/08/2017,28/08/2017,1178,144863,45-49,F,16,19,21,320757,68,105,2,0
1122202,28/08/2017,28/08/2017,1178,144864,45-49,F,16,20,19,906151,202,296,1,0
1122203,29/08/2017,29/08/2017,1178,144865,45-49,F,16,22,19,699314,164,226,3,0
1122204,28/08/2017,28/08/2017,1178,144866,45-49,F,16,21,22,850337,198,288,3,1
1122205,28/08/2017,28/08/2017,1178,144867,45-49,F,16,20,22,1015460,247,316,9,2
1122209,28/08/2017,28/08/2017,1178,144868,45-49,F,18,19,20,890295,227,333,1,0
1122210,28/08/2017,28/08/2017,1178,144869,45-49,F,18,21,20,791817,194,282,4,2
1122211,27/08/2017,27/08/2017,1178,144870,45-49,F,18,24,21,317601,76,116,1,0
1122212,27/08/2017,27/08/2017,1178,144871,45-49,F,18,23,24,685211,164,247,4,3
1122213,27/08/2017,27/08/2017,1178,144872,45-49,F,19,24,23,32781,7,11,2,2
1122216,27/08/2017,27/08/2017,1178,144873,45-49,F,19,23,22,76785,19,25,3,0
1122217,27/08/2017,27/08/2017,1178,144874,45-49,F,19,24,23,719083,206,300,12,5
1122223,27/08/2017,27/08/2017,1178,144875,45-49,F,20,23,23,368480,107,140,5,4
1122224,27/08/2017,27/08/2017,1178,144876,45-49,F,20,24,25,260945,73,101,2,2
1122225,27/08/2017,27/08/2017,1178,144877,45-49,F,21,22,27,40998,10,13,1,0
1122227,27/08/2017,27/08/2017,1178,144878,45-49,F,21,27,26,183293,53,74,2,1
1122232,27/08/2017,27/08/2017,1178,144879,45-49,F,22,24,23,221561,55,77,1,0
1122233,19/08/2017,19/08/2017,1178,144880,45-49,F,22,24,24,436943,109,146,1,1
1122240,19/08/2017,19/08/2017,1178,144881,45-49,F,23,26,26,284488,90,125,1,1
1122244,25/08/2017,25/08/2017,1178,144882,45-49,F,24,26,26,85083,32,39,1,1
1122246,25/08/2017,25/08/2017,1178,144883,45-49,F,24,28,25,14167,5,7,1,0
1122249,24/08/2017,24/08/2017,1178,144884,45-49,F,25,29,28,300637,84,117,2,0
1122253,25/08/2017,25/08/2017,1178,144885,45-49,F,25,27,28,449921,129,176,5,1
1122254,25/08/2017,25/08/2017,1178,144886,45-49,F,25,31,31,282899,71,106,1,0
1122257,25/08/2017,25/08/2017,1178,144887,45-49,F,26,29,32,669671,186,259,4,1
1122258,25/08/2017,25/08/2017,1178,144888,45-49,F,26,28,30,108655,28,47,1,0
1122260,25/08/2017,25/08/2017,1178,144889,45-49,F,26,32,31,536248,146,188,3,0
1122262,24/08/2017,24/08/2017,1178,144890,45-49,F,27,29,30,1055017,265,381,16,2
1122265,24/08/2017,24/08/2017,1178,144891,45-49,F,27,30,28,1428421,367,542,10,0
1122266,24/08/2017,24/08/2017,1178,144892,45-49,F,27,31,30,1088027,272,410,9,4
1122267,23/08/2017,23/08/2017,1178,144893,45-49,F,28,29,33,288517,78,102,3,0
1122268,23/08/2017,23/08/2017,1178,144894,45-49,F,28,31,30,202231,53,67,3,1
1122270,24/08/2017,24/08/2017,1178,144895,45-49,F,28,34,32,73222,16,23,1,0
1122271,24/08/2017,24/08/2017,1178,144896,45-49,F,28,29,34,348542,96,135,2,0
1122273,24/08/2017,24/08/2017,1178,144897,45-49,F,29,32,30,1097966,266,369,16,8
1122274,24/08/2017,24/08/2017,1178,144898,45-49,F,29,33,31,526923,138,198,2,1
1122276,24/08/2017,24/08/2017,1178,144899,45-49,F,29,34,34,264386,66,91,4,1
1122277,24/08/2017,24/08/2017,1178,144900,45-49,F,29,30,30,854940,227,298,8,3
1122279,25/08/2017,25/08/2017,1178,144901,45-49,F,30,33,36,113567,34,50,3,0
1122282,25/08/2017,25/08/2017,1178,144902,45-49,F,30,31,35,22859,6,9,1,0
1122288,27/08/2017,27/08/2017,1178,144903,45-49,F,31,32,33,51754,13,21,1,0
1122290,26/08/2017,26/08/2017,1178,144904,45-49,F,31,32,33,104347,28,38,4,3
1122303,26/08/2017,26/08/2017,1178,144905,45-49,F,63,67,66,391998,97,142,3,1
1122304,27/08/2017,27/08/2017,1178,144906,45-49,F,63,64,66,1111156,282,402,5,0
1122308,27/08/2017,27/08/2017,1178,144907,45-49,F,63,64,68,427772,117,159,3,1
1122310,27/08/2017,27/08/2017,1178,144908,45-49,F,64,66,65,536457,136,194,2,1
1122311,27/08/2017,27/08/2017,1178,144909,45-49,F,64,69,68,179894,43,67,2,0
1122312,27/08/2017,27/08/2017,1178,144910,45-49,F,64,70,66,479882,131,179,6,0
1122313,26/08/2017,26/08/2017,1178,144911,45-49,F,64,70,69,358261,91,130,1,0
1122316,26/08/2017,26/08/2017,1178,144912,45-49,F,65,67,67,346688,88,115,2,0
1314296,26/08/2017,26/08/2017,1178,144913,30-34,M,100,106,105,33445,2,3,1,0
1314297,25/08/2017,25/08/2017,1178,144914,30-34,M,101,106,103,72228,5,8,4,4
1314298,25/08/2017,25/08/2017,1178,144915,30-34,M,102,104,107,49699,2,3,2,1
1314299,26/08/2017,26/08/2017,1178,144916,30-34,M,103,107,108,189761,18,27,4,1
1314301,26/08/2017,26/08/2017,1178,144917,30-34,M,105,108,107,312524,37,54,2,0
1314303,26/08/2017,26/08/2017,1178,144918,30-34,M,107,108,110,496760,42,61,10,3
1314306,26/08/2017,26/08/2017,1178,144919,30-34,M,110,112,111,310988,34,47,11,3
1314307,26/08/2017,26/08/2017,1178,144920,30-34,M,111,112,113,98606,9,12,1,0
1314308,26/08/2017,26/08/2017,1178,144921,30-34,M,112,117,115,51104,2,3,3,1
1314309,23/08/2017,23/08/2017,1178,144922,30-34,M,113,116,115,276762,22,32,5,1
1314312,23/08/2017,23/08/2017,1178,144923,35-39,M,101,105,103,33534,2,3,1,1
1314313,21/08/2017,21/08/2017,1178,144924,35-39,M,102,104,107,128859,16,24,1,0
1314314,21/08/2017,21/08/2017,1178,144925,35-39,M,103,104,105,92080,12,17,3,2
1314316,21/08/2017,21/08/2017,1178,144926,35-39,M,105,107,107,211882,33,47,3,1
1314318,21/08/2017,21/08/2017,1178,144927,35-39,M,107,110,109,112776,9,13,1,0
1314319,21/08/2017,21/08/2017,1178,144928,35-39,M,108,113,111,145324,14,20,2,1
1314320,21/08/2017,21/08/2017,1178,144929,35-39,M,109,113,115,106492,14,21,2,0
1314321,21/08/2017,21/08/2017,1178,144930,35-39,M,110,112,111,233845,30,41,3,0
1314323,21/08/2017,21/08/2017,1178,144931,35-39,M,112,117,118,155426,17,25,3,0
1314324,21/08/2017,21/08/2017,1178,144932,35-39,M,113,116,114,97540,8,12,2,1
1314325,21/08/2017,21/08/2017,1178,144933,35-39,M,114,117,120,61441,5,8,1,0
1314326,20/08/2017,20/08/2017,1178,144934,40-44,M,100,104,104,76703,9,12,3,1
1314327,20/08/2017,20/08/2017,1178,144935,40-44,M,101,107,105,68619,10,15,1,0
1314330,20/08/2017,20/08/2017,1178,144936,40-44,M,104,108,108,17559,1,1,1,1
1314331,20/08/2017,20/08/2017,1178,144937,40-44,M,105,107,108,137879,19,28,2,0
1314332,20/08/2017,20/08/2017,1178,144938,40-44,M,106,110,112,67710,10,15,1,0
1314333,21/08/2017,21/08/2017,1178,144939,40-44,M,107,113,108,348180,41,60,3,1
1314334,21/08/2017,21/08/2017,1178,144940,40-44,M,108,110,112,146246,18,29,3,1
1314336,20/08/2017,20/08/2017,1178,144941,40-44,M,110,116,113,187236,24,35,2,2
1314337,20/08/2017,20/08/2017,1178,144942,40-44,M,111,112,112,72157,9,14,1,1
1314338,21/08/2017,21/08/2017,1178,144943,40-44,M,112,113,114,91180,10,14,1,0
1314339,22/08/2017,22/08/2017,1178,144944,40-44,M,113,114,116,86293,6,9,1,1
1314341,23/08/2017,23/08/2017,1178,144945,45-49,M,100,105,106,101410,12,18,4,0
1314343,23/08/2017,23/08/2017,1178,144946,45-49,M,102,107,103,134245,18,26,2,1
1314345,23/08/2017,23/08/2017,1178,144947,45-49,M,104,105,107,125650,20,30,4,0
1314346,23/08/2017,23/08/2017,1178,144948,45-49,M,105,109,106,50406,5,7,1,1
1314348,23/08/2017,23/08/2017,1178,144949,45-49,M,107,113,111,121769,13,18,2,1
1314349,23/08/2017,23/08/2017,1178,144950,45-49,M,108,113,113,267106,34,51,4,1
1314350,23/08/2017,23/08/2017,1178,144951,45-49,M,109,115,115,365539,57,82,5,2
1314351,23/08/2017,23/08/2017,1178,144952,45-49,M,110,114,111,188758,25,37,2,1
1314353,22/08/2017,22/08/2017,1178,144953,45-49,M,112,114,114,108426,13,20,1,0
1314354,22/08/2017,22/08/2017,1178,144954,45-49,M,113,116,116,138525,9,14,3,0
1314355,22/08/2017,22/08/2017,1178,144955,45-49,M,114,117,118,150858,21,30,1,0
1314357,22/08/2017,22/08/2017,1178,144956,30-34,F,101,102,102,524306,81,114,10,4
1314358,22/08/2017,22/08/2017,1178,144957,30-34,F,102,103,103,104496,9,11,3,2
1314359,22/08/2017,22/08/2017,1178,144958,30-34,F,103,109,105,452519,68,100,7,2
1314360,22/08/2017,22/08/2017,1178,144959,30-34,F,104,105,108,442919,76,111,21,2
1314361,22/08/2017,22/08/2017,1178,144960,30-34,F,105,111,107,596831,86,121,11,0
1314362,22/08/2017,22/08/2017,1178,144961,30-34,F,106,109,108,173912,26,36,2,1
1314363,22/08/2017,22/08/2017,1178,144962,30-34,F,107,109,113,780967,86,120,20,4
1314364,22/08/2017,22/08/2017,1178,144963,30-34,F,108,111,111,132124,8,11,4,0
1314365,27/08/2017,27/08/2017,1178,144964,30-34,F,109,110,112,623137,100,139,12,1
1314366,27/08/2017,27/08/2017,1178,144965,30-34,F,110,114,111,99020,10,14,4,1
1314367,18/08/2017,18/08/2017,1178,144966,30-34,F,111,113,114,665817,117,164,23,9
1314368,18/08/2017,18/08/2017,1178,144967,30-34,F,112,114,113,699232,80,112,12,3
1314371,18/08/2017,18/08/2017,1178,144968,35-39,F,100,103,102,72982,11,15,1,0
1314372,18/08/2017,18/08/2017,1178,144969,35-39,F,101,107,104,975884,167,237,14,3
1314373,18/08/2017,18/08/2017,1178,144970,35-39,F,102,106,103,245607,33,48,3,1
1314377,18/08/2017,18/08/2017,1178,144971,35-39,F,106,111,109,485369,114,165,3,0
1314378,18/08/2017,18/08/2017,1178,144972,35-39,F,107,111,112,866355,139,201,11,5
1314379,18/08/2017,18/08/2017,1178,144973,35-39,F,108,110,110,502710,72,105,8,2
1314380,18/08/2017,18/08/2017,1178,144974,35-39,F,109,114,111,475184,88,127,4,1
1314381,17/08/2017,17/08/2017,1178,144975,35-39,F,110,111,111,357401,47,69,8,1
1314382,17/08/2017,17/08/2017,1178,144976,35-39,F,111,114,112,99810,14,20,2,0
1314383,17/08/2017,17/08/2017,1178,144977,35-39,F,112,116,114,81569,6,9,3,1
1314384,17/08/2017,17/08/2017,1178,144978,35-39,F,113,115,114,441192,53,78,6,2
1314385,17/08/2017,17/08/2017,1178,144979,35-39,F,114,115,116,90470,11,17,1,1
1314386,17/08/2017,17/08/2017,1178,144980,40-44,F,100,102,102,834243,166,247,18,7
1314387,17/08/2017,17/08/2017,1178,144981,40-44,F,101,105,106,696612,152,223,31,9
1314388,17/08/2017,17/08/2017,1178,144982,40-44,F,102,103,106,329333,48,68,1,0
1314389,17/08/2017,17/08/2017,1178,144983,40-44,F,103,104,105,1114711,224,319,6,0
1314390,17/08/2017,17/08/2017,1178,144984,40-44,F,104,107,107,267316,58,83,3,0
1314391,19/08/2017,19/08/2017,1178,144985,40-44,F,105,109,106,228629,38,57,2,0
1314392,19/08/2017,19/08/2017,1178,144986,40-44,F,106,107,111,758340,159,233,13,4
1314393,20/08/2017,20/08/2017,1178,144987,40-44,F,107,108,110,877535,149,218,5,2
1314394,20/08/2017,20/08/2017,1178,144988,40-44,F,108,113,112,1357386,223,323,10,1
1314395,20/08/2017,20/08/2017,1178,144989,40-44,F,109,115,115,280240,61,88,2,2
1314396,20/08/2017,20/08/2017,1178,144990,40-44,F,110,116,116,419922,75,105,3,1
1314397,20/08/2017,20/08/2017,1178,144991,40-44,F,111,116,115,402975,83,121,1,0
1314398,20/08/2017,20/08/2017,1178,144992,40-44,F,112,115,116,1137635,211,301,30,10
1314400,20/08/2017,20/08/2017,1178,144993,40-44,F,114,118,119,250234,40,62,4,1
1314401,20/08/2017,20/08/2017,1178,144994,45-49,F,100,106,101,904907,195,279,11,1
1314402,20/08/2017,20/08/2017,1178,144995,45-49,F,101,105,105,589270,107,158,10,4
1314403,20/08/2017,20/08/2017,1178,144996,45-49,F,102,104,104,168714,24,36,2,2
1314404,19/08/2017,19/08/2017,1178,144997,45-49,F,103,105,104,71982,11,16,1,0
1314405,19/08/2017,19/08/2017,1178,144998,45-49,F,104,107,110,558666,110,163,14,5
1314406,19/08/2017,19/08/2017,1178,144999,45-49,F,105,106,109,1118200,235,334,11,4
1314407,19/08/2017,19/08/2017,1178,145000,45-49,F,106,112,108,107100,23,34,1,0
1314408,19/08/2017,19/08/2017,1178,145001,45-49,F,107,113,112,877769,160,233,13,4
1314409,19/08/2017,19/08/2017,1178,145002,45-49,F,108,112,112,212508,33,48,4,1
1314410,19/08/2017,19/08/2017,1178,145003,45-49,F,109,111,114,1129773,252,358,13,2
1314411,19/08/2017,19/08/2017,1178,145004,45-49,F,110,111,116,637549,120,174,3,0
1314412,19/08/2017,19/08/2017,1178,145005,45-49,F,111,113,117,151531,28,40,2,0
1314414,17/08/2017,17/08/2017,1178,145006,45-49,F,113,114,117,790253,135,199,8,2
1314415,17/08/2017,17/08/2017,1178,145007,45-49,F,114,116,118,513161,114,166,5,2
